run_id,seed,representation,ansatz,depth,K,init_state,test_accuracy,runtime_sec
1,42,flatten,be,1,2,zero,0.42829999327659607,376.1
2,42,flatten,be,3,2,zero,0.43810001015663147,361.61
3,42,flatten,be,5,2,zero,0.4925999939441681,379.67
4,42,flatten,be,7,2,zero,0.44130000472068787,413.49
5,42,flatten,be,9,2,zero,0.4844000041484833,424.96
6,42,flatten,be,15,2,zero,0.477400004863739,502.0
7,42,flatten,be,21,2,zero,0.5120000243186951,535.9
8,42,flatten,be,1,2,random_fixed,0.39010000228881836,352.47
9,42,flatten,be,3,2,random_fixed,0.3952000141143799,391.86
10,42,flatten,be,5,2,random_fixed,0.41029998660087585,413.12
11,42,flatten,be,7,2,random_fixed,0.39579999446868896,375.39
12,42,flatten,be,9,2,random_fixed,0.43650001287460327,450.62
13,42,flatten,be,15,2,random_fixed,0.3224000036716461,444.31
14,42,flatten,be,21,2,random_fixed,0.4819999933242798,555.49
15,42,flatten,be,1,2,random_indep,0.27469998598098755,375.54
16,42,flatten,be,3,2,random_indep,0.4805000126361847,389.72
17,42,flatten,be,5,2,random_indep,0.4584999978542328,394.72
18,42,flatten,be,7,2,random_indep,0.46299999952316284,418.98
19,42,flatten,be,9,2,random_indep,0.3734000027179718,445.09
20,42,flatten,be,15,2,random_indep,0.42289999127388,503.92
21,42,flatten,be,21,2,random_indep,0.4880000054836273,504.79
22,42,flatten,be,1,4,zero,0.5047000050544739,683.95
23,42,flatten,be,3,4,zero,0.5626999735832214,644.67
24,42,flatten,be,5,4,zero,0.6434999704360962,766.01
25,42,flatten,be,7,4,zero,0.5884000062942505,807.2
26,42,flatten,be,9,4,zero,0.6442000269889832,842.43
27,42,flatten,be,15,4,zero,0.6284999847412109,952.9
28,42,flatten,be,21,4,zero,0.5795000195503235,1066.6
29,42,flatten,be,1,4,random_fixed,0.44839999079704285,688.46
30,42,flatten,be,3,4,random_fixed,0.5828999876976013,726.92
31,42,flatten,be,5,4,random_fixed,0.5971999764442444,737.24
32,42,flatten,be,7,4,random_fixed,0.5685999989509583,813.73
33,42,flatten,be,9,4,random_fixed,0.5766000151634216,817.65
34,42,flatten,be,15,4,random_fixed,0.5985999703407288,953.77
35,42,flatten,be,21,4,random_fixed,0.5891000032424927,1043.23
36,42,flatten,be,1,4,random_indep,0.524399995803833,664.0
37,42,flatten,be,3,4,random_indep,0.57669997215271,733.91
38,42,flatten,be,5,4,random_indep,0.6098999977111816,768.23
39,42,flatten,be,7,4,random_indep,0.6207000017166138,806.86
40,42,flatten,be,9,4,random_indep,0.6220999956130981,839.95
41,42,flatten,be,15,4,random_indep,0.6159999966621399,929.58
42,42,flatten,be,21,4,random_indep,0.6015999913215637,1012.01
43,42,flatten,be,1,8,zero,0.6098999977111816,1326.19
44,42,flatten,be,3,8,zero,0.7020999789237976,1396.2
45,42,flatten,be,5,8,zero,0.7031999826431274,1429.78
46,42,flatten,be,7,8,zero,0.7037000060081482,1568.2
47,42,flatten,be,9,8,zero,0.7117000222206116,1667.97
48,42,flatten,be,15,8,zero,0.7049000263214111,1873.21
49,42,flatten,be,21,8,zero,0.7038999795913696,2113.04
50,42,flatten,be,1,8,random_fixed,0.5738999843597412,1337.6
51,42,flatten,be,3,8,random_fixed,0.6671000123023987,1420.94
52,42,flatten,be,5,8,random_fixed,0.6904000043869019,1500.23
53,42,flatten,be,7,8,random_fixed,0.6718000173568726,1567.25
54,42,flatten,be,9,8,random_fixed,0.7037000060081482,1632.35
55,42,flatten,be,15,8,random_fixed,0.6668999791145325,1875.8
56,42,flatten,be,21,8,random_fixed,0.7096999883651733,2092.78
57,42,flatten,be,1,8,random_indep,0.6078000068664551,1349.99
58,42,flatten,be,3,8,random_indep,0.703499972820282,1423.42
59,42,flatten,be,5,8,random_indep,0.6924999952316284,1446.51
60,42,flatten,be,7,8,random_indep,0.6866999864578247,1602.94
61,42,flatten,be,9,8,random_indep,0.6912999749183655,1524.44
62,42,flatten,be,15,8,random_indep,0.6967999935150146,1903.55
63,42,flatten,be,21,8,random_indep,0.704200029373169,2071.9
64,42,flatten,be,1,16,zero,0.6672000288963318,2658.81
65,42,flatten,be,3,16,zero,0.7491999864578247,2777.27
66,42,flatten,be,5,16,zero,0.757099986076355,2967.54
67,42,flatten,be,7,16,zero,0.7595999836921692,3130.71
68,42,flatten,be,9,16,zero,0.7620000243186951,2952.27
69,42,flatten,be,15,16,zero,0.7642999887466431,3330.82
70,42,flatten,be,21,16,zero,0.7580000162124634,4263.58
71,42,flatten,be,1,16,random_fixed,0.6424000263214111,2750.81
72,42,flatten,be,3,16,random_fixed,0.7293999791145325,2872.76
73,42,flatten,be,5,16,random_fixed,0.7430999875068665,3044.44
74,42,flatten,be,7,16,random_fixed,0.7470999956130981,3174.87
75,42,flatten,be,9,16,random_fixed,0.7484999895095825,3334.23
76,42,flatten,be,15,16,random_fixed,0.7268000245094299,3791.77
77,42,flatten,be,21,16,random_fixed,0.7573000192642212,4241.39
78,42,flatten,be,1,16,random_indep,0.7002999782562256,2715.28
79,42,flatten,be,3,16,random_indep,0.7422999739646912,2828.06
80,42,flatten,be,5,16,random_indep,0.7483999729156494,2975.84
81,42,flatten,be,7,16,random_indep,0.7472000122070312,2880.28
82,42,flatten,be,9,16,random_indep,0.7583000063896179,3367.08
83,42,flatten,be,15,16,random_indep,0.7533000111579895,3828.92
84,42,flatten,be,21,16,random_indep,0.7577999830245972,4266.59
85,42,flatten,be,1,32,zero,0.7342000007629395,5505.12
86,42,flatten,be,3,32,zero,0.7910000085830688,5770.46
87,42,flatten,be,5,32,zero,0.7964000105857849,5843.95
88,42,flatten,be,7,32,zero,0.7971000075340271,6273.1
89,42,flatten,be,9,32,zero,0.8004000186920166,6634.38
90,42,flatten,be,15,32,zero,0.7991999983787537,7640.61
91,42,flatten,be,21,32,zero,0.7989000082015991,8351.05
92,42,flatten,be,1,32,random_fixed,0.7217000126838684,5397.53
93,42,flatten,be,3,32,random_fixed,0.7724000215530396,5743.46
94,42,flatten,be,5,32,random_fixed,0.78329998254776,5790.24
95,42,flatten,be,7,32,random_fixed,0.7875000238418579,6316.16
96,42,flatten,be,9,32,random_fixed,0.7854999899864197,6672.4
97,42,flatten,be,15,32,random_fixed,0.7835000157356262,7710.84
98,42,flatten,be,21,32,random_fixed,0.7949000000953674,8527.88
99,42,flatten,be,1,32,random_indep,0.7523000240325928,5367.17
100,42,flatten,be,3,32,random_indep,0.7853999733924866,5557.89
101,42,flatten,be,5,32,random_indep,0.7904999852180481,5990.8
102,42,flatten,be,7,32,random_indep,0.7949000000953674,6449.2
103,42,flatten,be,9,32,random_indep,0.7907000184059143,6624.12
104,42,flatten,be,15,32,random_indep,0.7967000007629395,7347.25
105,42,flatten,be,21,32,random_indep,0.7975999712944031,8784.74
106,42,flatten,se,1,2,zero,0.4302999973297119,461.86
107,42,flatten,se,3,2,zero,0.5476999878883362,511.64
108,42,flatten,se,5,2,zero,0.5536999702453613,508.34
109,42,flatten,se,7,2,zero,0.5620999932289124,610.97
110,42,flatten,se,1,2,random_fixed,0.49619999527931213,390.82
111,42,flatten,se,3,2,random_fixed,0.5332000255584717,478.65
112,42,flatten,se,5,2,random_fixed,0.5788999795913696,555.1
113,42,flatten,se,7,2,random_fixed,0.5975000262260437,568.76
114,42,flatten,se,1,2,random_indep,0.4693000018596649,459.09
115,42,flatten,se,3,2,random_indep,0.5670999884605408,506.95
116,42,flatten,se,5,2,random_indep,0.5787000060081482,562.01
117,42,flatten,se,7,2,random_indep,0.5615000128746033,613.72
118,42,flatten,se,1,4,zero,0.5891000032424927,875.06
119,42,flatten,se,3,4,zero,0.6833999752998352,898.31
120,42,flatten,se,5,4,zero,0.6916999816894531,1078.95
121,42,flatten,se,7,4,zero,0.6956999897956848,1195.91
122,42,flatten,se,1,4,random_fixed,0.6105999946594238,765.15
123,42,flatten,se,3,4,random_fixed,0.6729999780654907,983.28
124,42,flatten,se,5,4,random_fixed,0.6960999965667725,1078.08
125,42,flatten,se,7,4,random_fixed,0.6930000185966492,1045.36
126,42,flatten,se,1,4,random_indep,0.5830000042915344,895.92
127,42,flatten,se,3,4,random_indep,0.6556000113487244,894.53
128,42,flatten,se,5,4,random_indep,0.6965000033378601,1057.47
129,42,flatten,se,7,4,random_indep,0.6970000267028809,1099.56
130,42,flatten,se,1,8,zero,0.640999972820282,1712.52
131,42,flatten,se,3,8,zero,0.7217000126838684,1907.2
132,42,flatten,se,5,8,zero,0.7465000152587891,2139.06
133,42,flatten,se,7,8,zero,0.7426000237464905,2293.54
134,42,flatten,se,1,8,random_fixed,0.6966999769210815,1696.13
135,42,flatten,se,3,8,random_fixed,0.7336000204086304,1964.42
136,42,flatten,se,5,8,random_fixed,0.7437000274658203,2054.8
137,42,flatten,se,7,8,random_fixed,0.7483999729156494,2284.3
138,42,flatten,se,1,8,random_indep,0.6884999871253967,1702.16
139,42,flatten,se,3,8,random_indep,0.7387999892234802,1935.31
140,42,flatten,se,5,8,random_indep,0.7512999773025513,2154.96
141,42,flatten,se,7,8,random_indep,0.7476000189781189,2317.94
142,42,flatten,se,1,16,zero,0.7242000102996826,3398.87
143,42,flatten,se,3,16,zero,0.7797999978065491,3868.35
144,42,flatten,se,5,16,zero,0.7897999882698059,4303.61
145,42,flatten,se,7,16,zero,0.784600019454956,4636.71
146,42,flatten,se,1,16,random_fixed,0.7372000217437744,3473.28
147,42,flatten,se,3,16,random_fixed,0.7727000117301941,3889.35
148,42,flatten,se,5,16,random_fixed,0.7871999740600586,4348.83
149,42,flatten,se,7,16,random_fixed,0.7821999788284302,4716.0
150,42,flatten,se,1,16,random_indep,0.7418000102043152,3488.06
151,42,flatten,se,3,16,random_indep,0.7821999788284302,3767.81
152,42,flatten,se,5,16,random_indep,0.7846999764442444,4261.86
153,42,flatten,se,7,16,random_indep,0.7918999791145325,4702.65
154,42,flatten,se,1,32,zero,0.7584999799728394,7021.71
155,42,flatten,se,3,32,zero,0.803600013256073,7314.12
156,42,flatten,se,5,32,zero,0.8126999735832214,8418.36
157,42,flatten,se,7,32,zero,0.8166999816894531,9434.71
158,42,flatten,se,1,32,random_fixed,0.7870000004768372,6731.3
159,42,flatten,se,3,32,random_fixed,0.8102999925613403,7784.48
160,42,flatten,se,5,32,random_fixed,0.8138999938964844,8233.81
161,42,flatten,se,7,32,random_fixed,0.8170999884605408,9433.14
162,42,flatten,se,1,32,random_indep,0.7825999855995178,7023.91
163,42,flatten,se,3,32,random_indep,0.8091999888420105,7816.09
164,42,flatten,se,5,32,random_indep,0.8130000233650208,8494.22
165,42,flatten,se,7,32,random_indep,0.8156999945640564,9199.81
166,42,flatten,random,1,2,zero,0.365200012922287,359.89
167,42,flatten,random,3,2,zero,0.4138000011444092,402.28
168,42,flatten,random,5,2,zero,0.49729999899864197,408.26
169,42,flatten,random,7,2,zero,0.48910000920295715,441.81
170,42,flatten,random,9,2,zero,0.5307999849319458,454.46
171,42,flatten,random,15,2,zero,0.5669999718666077,484.51
172,42,flatten,random,21,2,zero,0.5659999847412109,566.29
173,42,flatten,random,1,2,random_fixed,0.35269999504089355,382.94
174,42,flatten,random,3,2,random_fixed,0.48190000653266907,401.95
175,42,flatten,random,5,2,random_fixed,0.477400004863739,421.79
176,42,flatten,random,7,2,random_fixed,0.5544999837875366,442.29
177,42,flatten,random,9,2,random_fixed,0.5266000032424927,455.63
178,42,flatten,random,15,2,random_fixed,0.551800012588501,514.7
179,42,flatten,random,21,2,random_fixed,0.5720999836921692,582.26
180,42,flatten,random,1,2,random_indep,0.35749998688697815,396.79
181,42,flatten,random,3,2,random_indep,0.5058000087738037,403.47
182,42,flatten,random,5,2,random_indep,0.47839999198913574,425.04
183,42,flatten,random,7,2,random_indep,0.49399998784065247,440.32
184,42,flatten,random,9,2,random_indep,0.539900004863739,409.95
185,42,flatten,random,15,2,random_indep,0.4984000027179718,399.72
186,42,flatten,random,21,2,random_indep,0.5871999859809875,573.11
187,42,flatten,random,1,4,zero,0.4271000027656555,738.38
188,42,flatten,random,3,4,zero,0.507099986076355,772.31
189,42,flatten,random,5,4,zero,0.6000999808311462,808.07
190,42,flatten,random,7,4,zero,0.6183000206947327,763.87
191,42,flatten,random,9,4,zero,0.6639999747276306,878.96
192,42,flatten,random,15,4,zero,0.6927000284194946,926.53
193,42,flatten,random,21,4,zero,0.6990000009536743,1113.37
194,42,flatten,random,1,4,random_fixed,0.5216000080108643,715.1
195,42,flatten,random,3,4,random_fixed,0.6103000044822693,767.87
196,42,flatten,random,5,4,random_fixed,0.617900013923645,813.49
197,42,flatten,random,7,4,random_fixed,0.6704999804496765,847.76
198,42,flatten,random,9,4,random_fixed,0.6660000085830688,757.27
199,42,flatten,random,15,4,random_fixed,0.684499979019165,990.89
200,42,flatten,random,21,4,random_fixed,0.6872000098228455,1117.43
201,42,flatten,random,1,4,random_indep,0.4986000061035156,742.57
202,42,flatten,random,3,4,random_indep,0.6136000156402588,606.37
203,42,flatten,random,5,4,random_indep,0.66839998960495,805.22
204,42,flatten,random,7,4,random_indep,0.676800012588501,677.41
205,42,flatten,random,9,4,random_indep,0.6486999988555908,883.25
206,42,flatten,random,15,4,random_indep,0.675599992275238,994.97
207,42,flatten,random,21,4,random_indep,0.6970999836921692,1118.62
208,42,flatten,random,1,8,zero,0.47049999237060547,1436.69
209,42,flatten,random,3,8,zero,0.5483999848365784,1513.2
210,42,flatten,random,5,8,zero,0.6771000027656555,1545.03
211,42,flatten,random,7,8,zero,0.7053999900817871,1658.39
212,42,flatten,random,9,8,zero,0.727400004863739,1738.99
213,42,flatten,random,15,8,zero,0.7404999732971191,1931.27
214,42,flatten,random,21,8,zero,0.7418000102043152,2191.95
215,42,flatten,random,1,8,random_fixed,0.621399998664856,1469.12
216,42,flatten,random,3,8,random_fixed,0.6685000061988831,1413.43
217,42,flatten,random,5,8,random_fixed,0.7121999859809875,1580.2
218,42,flatten,random,7,8,random_fixed,0.7315999865531921,1686.61
219,42,flatten,random,9,8,random_fixed,0.7426000237464905,1743.23
220,42,flatten,random,15,8,random_fixed,0.7434999942779541,1945.56
221,42,flatten,random,21,8,random_fixed,0.7427999973297119,1987.88
222,42,flatten,random,1,8,random_indep,0.6622999906539917,1451.09
223,42,flatten,random,3,8,random_indep,0.697700023651123,1528.42
224,42,flatten,random,5,8,random_indep,0.7038999795913696,1526.0
225,42,flatten,random,7,8,random_indep,0.7124000191688538,1636.54
226,42,flatten,random,9,8,random_indep,0.7387999892234802,1687.57
227,42,flatten,random,15,8,random_indep,0.746999979019165,1950.93
228,42,flatten,random,21,8,random_indep,0.7488999962806702,2094.8
229,42,flatten,random,1,16,zero,0.5365999937057495,2786.73
230,42,flatten,random,3,16,zero,0.5764999985694885,2972.05
231,42,flatten,random,5,16,zero,0.748199999332428,3085.15
232,42,flatten,random,7,16,zero,0.7585999965667725,3254.29
233,42,flatten,random,9,16,zero,0.7746999859809875,3281.06
234,42,flatten,random,15,16,zero,0.7858999967575073,3819.78
235,42,flatten,random,21,16,zero,0.7828999757766724,4008.12
236,42,flatten,random,1,16,random_fixed,0.6901000142097473,2702.89
237,42,flatten,random,3,16,random_fixed,0.7319999933242798,2971.85
238,42,flatten,random,5,16,random_fixed,0.7591999769210815,3110.74
239,42,flatten,random,7,16,random_fixed,0.7631999850273132,3106.64
240,42,flatten,random,9,16,random_fixed,0.774399995803833,3385.44
241,42,flatten,random,15,16,random_fixed,0.7803000211715698,3815.02
242,42,flatten,random,21,16,random_fixed,0.7865999937057495,4087.09
243,42,flatten,random,1,16,random_indep,0.6987000107765198,2578.77
244,42,flatten,random,3,16,random_indep,0.7409999966621399,2672.29
245,42,flatten,random,5,16,random_indep,0.7638999819755554,3066.64
246,42,flatten,random,7,16,random_indep,0.7767000198364258,3186.19
247,42,flatten,random,9,16,random_indep,0.769599974155426,3144.22
248,42,flatten,random,15,16,random_indep,0.781000018119812,3665.69
249,42,flatten,random,21,16,random_indep,0.7824000120162964,4214.61
250,42,flatten,random,1,32,zero,0.5629000067710876,5556.82
251,42,flatten,random,3,32,zero,0.5960000157356262,5539.0
252,42,flatten,random,5,32,zero,0.7875999808311462,6010.66
253,42,flatten,random,7,32,zero,0.7889000177383423,6490.09
254,42,flatten,random,9,32,zero,0.7972999811172485,6770.37
255,42,flatten,random,15,32,zero,0.8104000091552734,7569.32
256,42,flatten,random,21,32,zero,0.8138999938964844,8488.68
257,42,flatten,random,1,32,random_fixed,0.7389000058174133,5302.16
258,42,flatten,random,3,32,random_fixed,0.7771999835968018,5575.07
259,42,flatten,random,5,32,random_fixed,0.7939000129699707,6213.57
260,42,flatten,random,7,32,random_fixed,0.8019999861717224,6528.62
261,42,flatten,random,9,32,random_fixed,0.8055999875068665,6757.18
262,42,flatten,random,15,32,random_fixed,0.8141999840736389,7749.95
263,42,flatten,random,21,32,random_fixed,0.8145999908447266,8330.48
264,42,flatten,random,1,32,random_indep,0.7548999786376953,5640.04
265,42,flatten,random,3,32,random_indep,0.7854999899864197,5635.78
266,42,flatten,random,5,32,random_indep,0.7967000007629395,6164.77
267,42,flatten,random,7,32,random_indep,0.8027999997138977,6615.16
268,42,flatten,random,9,32,random_indep,0.8069000244140625,6528.79
269,42,flatten,random,15,32,random_indep,0.8126000165939331,7519.3
270,42,flatten,random,21,32,random_indep,0.8130999803543091,8662.35
271,42,flatten,random_indep,1,2,zero,0.3301999866962433,391.94
272,42,flatten,random_indep,3,2,zero,0.49869999289512634,412.27
273,42,flatten,random_indep,5,2,zero,0.49959999322891235,434.6
274,42,flatten,random_indep,7,2,zero,0.535099983215332,338.13
275,42,flatten,random_indep,9,2,zero,0.5637999773025513,467.87
276,42,flatten,random_indep,15,2,zero,0.519599974155426,523.57
277,42,flatten,random_indep,21,2,zero,0.49300000071525574,575.58
278,42,flatten,random_indep,1,2,random_fixed,0.35499998927116394,377.42
279,42,flatten,random_indep,3,2,random_fixed,0.4918000102043152,415.09
280,42,flatten,random_indep,5,2,random_fixed,0.4740999937057495,390.59
281,42,flatten,random_indep,7,2,random_fixed,0.5457000136375427,452.96
282,42,flatten,random_indep,9,2,random_fixed,0.5564000010490417,467.07
283,42,flatten,random_indep,15,2,random_fixed,0.5609999895095825,519.09
284,42,flatten,random_indep,21,2,random_fixed,0.559499979019165,568.17
285,42,flatten,random_indep,1,2,random_indep,0.3668999969959259,391.68
286,42,flatten,random_indep,3,2,random_indep,0.4410000145435333,406.86
287,42,flatten,random_indep,5,2,random_indep,0.5482000112533569,431.04
288,42,flatten,random_indep,7,2,random_indep,0.45170000195503235,453.59
289,42,flatten,random_indep,9,2,random_indep,0.5437999963760376,467.19
290,42,flatten,random_indep,15,2,random_indep,0.4964999854564667,525.6
291,42,flatten,random_indep,21,2,random_indep,0.48159998655319214,529.13
292,42,flatten,random_indep,1,4,zero,0.5824000239372253,745.74
293,42,flatten,random_indep,3,4,zero,0.5705999732017517,780.33
294,42,flatten,random_indep,5,4,zero,0.6559000015258789,814.67
295,42,flatten,random_indep,7,4,zero,0.6111000180244446,845.22
296,42,flatten,random_indep,9,4,zero,0.6590999960899353,885.53
297,42,flatten,random_indep,15,4,zero,0.660099983215332,1006.5
298,42,flatten,random_indep,21,4,zero,0.6945000290870667,1083.05
299,42,flatten,random_indep,1,4,random_fixed,0.5123999714851379,738.07
300,42,flatten,random_indep,3,4,random_fixed,0.5879999995231628,770.05
301,42,flatten,random_indep,5,4,random_fixed,0.6378999948501587,739.33
302,42,flatten,random_indep,7,4,random_fixed,0.640500009059906,851.04
303,42,flatten,random_indep,9,4,random_fixed,0.680899977684021,898.42
304,42,flatten,random_indep,15,4,random_fixed,0.6735000014305115,1001.21
305,42,flatten,random_indep,21,4,random_fixed,0.6388999819755554,1086.87
306,42,flatten,random_indep,1,4,random_indep,0.4927999973297119,699.79
307,42,flatten,random_indep,3,4,random_indep,0.5810999870300293,728.8
308,42,flatten,random_indep,5,4,random_indep,0.6100000143051147,803.26
309,42,flatten,random_indep,7,4,random_indep,0.6571000218391418,865.18
310,42,flatten,random_indep,9,4,random_indep,0.6704999804496765,895.46
311,42,flatten,random_indep,15,4,random_indep,0.6966999769210815,1006.79
312,42,flatten,random_indep,21,4,random_indep,0.6941999793052673,1111.48
313,42,flatten,random_indep,1,8,zero,0.5720999836921692,1467.05
314,42,flatten,random_indep,3,8,zero,0.689300000667572,1473.14
315,42,flatten,random_indep,5,8,zero,0.7195000052452087,1595.78
316,42,flatten,random_indep,7,8,zero,0.7285000085830688,1665.31
317,42,flatten,random_indep,9,8,zero,0.7346000075340271,1486.52
318,42,flatten,random_indep,15,8,zero,0.7343999743461609,1548.53
319,42,flatten,random_indep,21,8,zero,0.7555999755859375,2174.98
320,42,flatten,random_indep,1,8,random_fixed,0.6273000240325928,1457.24
321,42,flatten,random_indep,3,8,random_fixed,0.6565999984741211,1542.14
322,42,flatten,random_indep,5,8,random_fixed,0.6974999904632568,1578.51
323,42,flatten,random_indep,7,8,random_fixed,0.7166000008583069,1639.72
324,42,flatten,random_indep,9,8,random_fixed,0.7146000266075134,1735.97
325,42,flatten,random_indep,15,8,random_fixed,0.7509999871253967,1965.69
326,42,flatten,random_indep,21,8,random_fixed,0.75,2189.15
327,42,flatten,random_indep,1,8,random_indep,0.6129999756813049,1475.28
328,42,flatten,random_indep,3,8,random_indep,0.6686000227928162,1511.14
329,42,flatten,random_indep,5,8,random_indep,0.7077000141143799,1569.4
330,42,flatten,random_indep,7,8,random_indep,0.717199981212616,1629.96
331,42,flatten,random_indep,9,8,random_indep,0.7285000085830688,1723.04
332,42,flatten,random_indep,15,8,random_indep,0.7497000098228455,1937.3
333,42,flatten,random_indep,21,8,random_indep,0.75,2140.68
334,42,flatten,random_indep,1,16,zero,0.6600000262260437,2791.95
335,42,flatten,random_indep,3,16,zero,0.7426000237464905,2837.62
336,42,flatten,random_indep,5,16,zero,0.7681999802589417,2982.96
337,42,flatten,random_indep,7,16,zero,0.7727000117301941,3246.8
338,42,flatten,random_indep,9,16,zero,0.7742999792098999,3133.87
339,42,flatten,random_indep,15,16,zero,0.7821999788284302,3855.47
340,42,flatten,random_indep,21,16,zero,0.7795000076293945,4247.33
341,42,flatten,random_indep,1,16,random_fixed,0.7063999772071838,2735.45
342,42,flatten,random_indep,3,16,random_fixed,0.7484999895095825,2926.77
343,42,flatten,random_indep,5,16,random_fixed,0.7610999941825867,3091.06
344,42,flatten,random_indep,7,16,random_fixed,0.7652999758720398,3238.78
345,42,flatten,random_indep,9,16,random_fixed,0.7784000039100647,3371.95
346,42,flatten,random_indep,15,16,random_fixed,0.7788000106811523,3654.52
347,42,flatten,random_indep,21,16,random_fixed,0.7791000008583069,4243.04
348,42,flatten,random_indep,1,16,random_indep,0.6985999941825867,2832.66
349,42,flatten,random_indep,3,16,random_indep,0.7433000206947327,2978.27
350,42,flatten,random_indep,5,16,random_indep,0.7555000185966492,2973.85
351,42,flatten,random_indep,7,16,random_indep,0.7659000158309937,3272.07
352,42,flatten,random_indep,9,16,random_indep,0.7734000086784363,3305.19
353,42,flatten,random_indep,15,16,random_indep,0.7822999954223633,3853.36
354,42,flatten,random_indep,21,16,random_indep,0.786300003528595,4305.05
355,42,flatten,random_indep,1,32,zero,0.7382000088691711,5589.15
356,42,flatten,random_indep,3,32,zero,0.7746999859809875,5943.46
357,42,flatten,random_indep,5,32,zero,0.7946000099182129,6202.45
358,42,flatten,random_indep,7,32,zero,0.8052999973297119,6335.15
359,42,flatten,random_indep,9,32,zero,0.8026999831199646,6712.84
360,42,flatten,random_indep,15,32,zero,0.8126000165939331,7231.54
361,42,flatten,random_indep,21,32,zero,0.8123999834060669,8707.55
362,42,flatten,random_indep,1,32,random_fixed,0.7505000233650208,5424.06
363,42,flatten,random_indep,3,32,random_fixed,0.7792999744415283,5878.33
364,42,flatten,random_indep,5,32,random_fixed,0.7961999773979187,6233.02
365,42,flatten,random_indep,7,32,random_fixed,0.798799991607666,6454.13
366,42,flatten,random_indep,9,32,random_fixed,0.8029000163078308,6883.57
367,42,flatten,random_indep,15,32,random_fixed,0.8095999956130981,7753.53
368,42,flatten,random_indep,21,32,random_fixed,0.8120999932289124,8650.0
369,42,flatten,random_indep,1,32,random_indep,0.7390000224113464,5627.45
370,42,flatten,random_indep,3,32,random_indep,0.7843000292778015,5777.98
371,42,flatten,random_indep,5,32,random_indep,0.7929999828338623,6251.08
372,42,flatten,random_indep,7,32,random_indep,0.8044000267982483,6628.77
373,42,flatten,random_indep,9,32,random_indep,0.8021000027656555,6644.8
374,42,flatten,random_indep,15,32,random_indep,0.8129000067710876,7656.89
375,42,flatten,random_indep,21,32,random_indep,0.8123999834060669,8720.04
376,42,pauli,be,1,2,zero,0.27559998631477356,387.35
377,42,pauli,be,3,2,zero,0.4226999878883362,417.13
378,42,pauli,be,5,2,zero,0.4449000060558319,439.07
379,42,pauli,be,7,2,zero,0.46160000562667847,460.17
380,42,pauli,be,9,2,zero,0.45190000534057617,478.75
381,42,pauli,be,15,2,zero,0.4778999984264374,534.82
382,42,pauli,be,21,2,zero,0.4171000123023987,585.82
383,42,pauli,be,1,2,random_fixed,0.2904999852180481,401.88
384,42,pauli,be,3,2,random_fixed,0.3549000024795532,421.67
385,42,pauli,be,5,2,random_fixed,0.4009999930858612,440.86
386,42,pauli,be,7,2,random_fixed,0.3720000088214874,462.92
387,42,pauli,be,9,2,random_fixed,0.38670000433921814,469.68
388,42,pauli,be,15,2,random_fixed,0.3871000111103058,495.44
389,42,pauli,be,21,2,random_fixed,0.3521000146865845,592.78
390,42,pauli,be,1,2,random_indep,0.391400009393692,400.92
391,42,pauli,be,3,2,random_indep,0.3675000071525574,413.97
392,42,pauli,be,5,2,random_indep,0.4004000127315521,439.33
393,42,pauli,be,7,2,random_indep,0.37299999594688416,445.41
394,42,pauli,be,9,2,random_indep,0.42480000853538513,477.66
395,42,pauli,be,15,2,random_indep,0.3984000086784363,539.23
396,42,pauli,be,21,2,random_indep,0.42309999465942383,591.63
397,42,pauli,be,1,4,zero,0.49970000982284546,754.35
398,42,pauli,be,3,4,zero,0.569100022315979,788.94
399,42,pauli,be,5,4,zero,0.6013000011444092,817.37
400,42,pauli,be,7,4,zero,0.578499972820282,813.03
401,42,pauli,be,9,4,zero,0.6031000018119812,903.81
402,42,pauli,be,15,4,zero,0.5996999740600586,933.59
403,42,pauli,be,21,4,zero,0.5759000182151794,1124.52
404,42,pauli,be,1,4,random_fixed,0.3959999978542328,762.61
405,42,pauli,be,3,4,random_fixed,0.5055000185966492,790.31
406,42,pauli,be,5,4,random_fixed,0.5231000185012817,807.52
407,42,pauli,be,7,4,random_fixed,0.5105000138282776,845.08
408,42,pauli,be,9,4,random_fixed,0.5296000242233276,909.29
409,42,pauli,be,15,4,random_fixed,0.5242999792098999,1023.65
410,42,pauli,be,21,4,random_fixed,0.5493999719619751,1121.15
411,42,pauli,be,1,4,random_indep,0.5044999718666077,750.81
412,42,pauli,be,3,4,random_indep,0.5461999773979187,754.31
413,42,pauli,be,5,4,random_indep,0.5636000037193298,830.06
414,42,pauli,be,7,4,random_indep,0.6078000068664551,883.01
415,42,pauli,be,9,4,random_indep,0.5437999963760376,908.47
416,42,pauli,be,15,4,random_indep,0.6010000109672546,1024.83
417,42,pauli,be,21,4,random_indep,0.5968999862670898,1137.94
418,42,pauli,be,1,8,zero,0.5921000242233276,1480.81
419,42,pauli,be,3,8,zero,0.6888999938964844,1541.02
420,42,pauli,be,5,8,zero,0.6869999766349792,1608.82
421,42,pauli,be,7,8,zero,0.6866000294685364,1702.62
422,42,pauli,be,9,8,zero,0.6934000253677368,1759.27
423,42,pauli,be,15,8,zero,0.6909999847412109,1993.78
424,42,pauli,be,21,8,zero,0.689300000667572,2246.02
425,42,pauli,be,1,8,random_fixed,0.5023000240325928,1482.12
426,42,pauli,be,3,8,random_fixed,0.6563000082969666,1330.97
427,42,pauli,be,5,8,random_fixed,0.6463000178337097,1619.05
428,42,pauli,be,7,8,random_fixed,0.6151999831199646,1689.47
429,42,pauli,be,9,8,random_fixed,0.6516000032424927,1749.96
430,42,pauli,be,15,8,random_fixed,0.6452000141143799,2013.9
431,42,pauli,be,21,8,random_fixed,0.6046000123023987,2200.53
432,42,pauli,be,1,8,random_indep,0.6320000290870667,1471.92
433,42,pauli,be,3,8,random_indep,0.6578999757766724,1521.98
434,42,pauli,be,5,8,random_indep,0.6794000267982483,1584.27
435,42,pauli,be,7,8,random_indep,0.6699000000953674,1548.92
436,42,pauli,be,9,8,random_indep,0.6876999735832214,1735.88
437,42,pauli,be,15,8,random_indep,0.7027000188827515,1852.29
438,42,pauli,be,21,8,random_indep,0.6901000142097473,2139.0
439,42,pauli,be,1,16,zero,0.6951000094413757,2841.19
440,42,pauli,be,3,16,zero,0.7318000197410583,2975.67
441,42,pauli,be,5,16,zero,0.760200023651123,3046.39
442,42,pauli,be,7,16,zero,0.7533000111579895,3247.67
443,42,pauli,be,9,16,zero,0.745199978351593,3412.17
444,42,pauli,be,15,16,zero,0.7605999708175659,3882.52
445,42,pauli,be,21,16,zero,0.7508000135421753,4291.56
446,42,pauli,be,1,16,random_fixed,0.6019999980926514,2840.79
447,42,pauli,be,3,16,random_fixed,0.7123000025749207,2993.99
448,42,pauli,be,5,16,random_fixed,0.7178999781608582,3115.47
449,42,pauli,be,7,16,random_fixed,0.7146999835968018,3205.15
450,42,pauli,be,9,16,random_fixed,0.7128999829292297,3439.5
451,42,pauli,be,15,16,random_fixed,0.7217000126838684,3893.05
452,42,pauli,be,21,16,random_fixed,0.7074000239372253,4269.56
453,42,pauli,be,1,16,random_indep,0.6947000026702881,2840.27
454,42,pauli,be,3,16,random_indep,0.7346000075340271,2989.38
455,42,pauli,be,5,16,random_indep,0.7436000108718872,3106.43
456,42,pauli,be,7,16,random_indep,0.7477999925613403,3262.58
457,42,pauli,be,9,16,random_indep,0.7520999908447266,3401.21
458,42,pauli,be,15,16,random_indep,0.7508999705314636,3938.54
459,42,pauli,be,21,16,random_indep,0.7404000163078308,4219.08
460,42,pauli,be,1,32,zero,0.7333999872207642,5671.69
461,42,pauli,be,3,32,zero,0.7864999771118164,5838.75
462,42,pauli,be,5,32,zero,0.7904000282287598,6331.5
463,42,pauli,be,7,32,zero,0.7912999987602234,6603.64
464,42,pauli,be,9,32,zero,0.7925999760627747,6882.05
465,42,pauli,be,15,32,zero,0.795199990272522,7864.12
466,42,pauli,be,21,32,zero,0.7932999730110168,8236.4
467,42,pauli,be,1,32,random_fixed,0.6884999871253967,5635.92
468,42,pauli,be,3,32,random_fixed,0.7567999958992004,5759.86
469,42,pauli,be,5,32,random_fixed,0.7591999769210815,6283.18
470,42,pauli,be,7,32,random_fixed,0.7635999917984009,6213.44
471,42,pauli,be,9,32,random_fixed,0.7662000060081482,6869.36
472,42,pauli,be,15,32,random_fixed,0.7634999752044678,7427.3
473,42,pauli,be,21,32,random_fixed,0.7559000253677368,8692.69
474,42,pauli,be,1,32,random_indep,0.7512999773025513,5641.78
475,42,pauli,be,3,32,random_indep,0.78329998254776,5727.22
476,42,pauli,be,5,32,random_indep,0.7883999943733215,6400.22
477,42,pauli,be,7,32,random_indep,0.7853000164031982,6610.62
478,42,pauli,be,9,32,random_indep,0.786899983882904,6899.81
479,42,pauli,be,15,32,random_indep,0.7879999876022339,7758.83
480,42,pauli,be,21,32,random_indep,0.7897999882698059,8777.85
481,42,pauli,se,1,2,zero,0.43540000915527344,453.4
482,42,pauli,se,3,2,zero,0.5559999942779541,531.29
483,42,pauli,se,5,2,zero,0.6000999808311462,588.18
484,42,pauli,se,7,2,zero,0.5953999757766724,639.2
485,42,pauli,se,1,2,random_fixed,0.4982999861240387,490.12
486,42,pauli,se,3,2,random_fixed,0.5654000043869019,535.3
487,42,pauli,se,5,2,random_fixed,0.5608000159263611,588.42
488,42,pauli,se,7,2,random_fixed,0.5916000008583069,638.12
489,42,pauli,se,1,2,random_indep,0.529699981212616,458.73
490,42,pauli,se,3,2,random_indep,0.5029000043869019,540.92
491,42,pauli,se,5,2,random_indep,0.5648999810218811,575.08
492,42,pauli,se,7,2,random_indep,0.5773000121116638,588.93
493,42,pauli,se,1,4,zero,0.6309000253677368,893.6
494,42,pauli,se,3,4,zero,0.6880999803543091,994.44
495,42,pauli,se,5,4,zero,0.6984000205993652,1118.25
496,42,pauli,se,7,4,zero,0.6987000107765198,1184.89
497,42,pauli,se,1,4,random_fixed,0.5950000286102295,921.98
498,42,pauli,se,3,4,random_fixed,0.7081999778747559,1010.6
499,42,pauli,se,5,4,random_fixed,0.7056000232696533,1099.98
500,42,pauli,se,7,4,random_fixed,0.7045000195503235,1207.67
501,42,pauli,se,1,4,random_indep,0.6603000164031982,916.32
502,42,pauli,se,3,4,random_indep,0.6815999746322632,966.41
503,42,pauli,se,5,4,random_indep,0.6992999911308289,1099.48
504,42,pauli,se,7,4,random_indep,0.7134000062942505,1174.31
505,42,pauli,se,1,8,zero,0.685699999332428,1791.53
506,42,pauli,se,3,8,zero,0.7432000041007996,1959.25
507,42,pauli,se,5,8,zero,0.7516999840736389,2176.2
508,42,pauli,se,7,8,zero,0.7515000104904175,2359.41
509,42,pauli,se,1,8,random_fixed,0.7179999947547913,1688.55
510,42,pauli,se,3,8,random_fixed,0.7398999929428101,1938.35
511,42,pauli,se,5,8,random_fixed,0.7626000046730042,2099.09
512,42,pauli,se,7,8,random_fixed,0.7587000131607056,2348.43
513,42,pauli,se,1,8,random_indep,0.715399980545044,1781.76
514,42,pauli,se,3,8,random_indep,0.7537000179290771,1893.12
515,42,pauli,se,5,8,random_indep,0.7590000033378601,2175.94
516,42,pauli,se,7,8,random_indep,0.7533000111579895,2377.0
517,42,pauli,se,1,16,zero,0.7372000217437744,3477.23
518,42,pauli,se,3,16,zero,0.7857000231742859,3873.49
519,42,pauli,se,5,16,zero,0.7960000038146973,4380.64
520,42,pauli,se,7,16,zero,0.7935000061988831,4719.01
521,42,pauli,se,1,16,random_fixed,0.7455999851226807,3542.02
522,42,pauli,se,3,16,random_fixed,0.791100025177002,4006.5
523,42,pauli,se,5,16,random_fixed,0.7998999953269958,4292.32
524,42,pauli,se,7,16,random_fixed,0.8001000285148621,4718.36
525,42,pauli,se,1,16,random_indep,0.7506999969482422,3465.41
526,42,pauli,se,3,16,random_indep,0.795199990272522,3869.78
527,42,pauli,se,5,16,random_indep,0.7928000092506409,4259.41
528,42,pauli,se,7,16,random_indep,0.7960000038146973,4711.87
529,42,pauli,se,1,32,zero,0.7757999897003174,7025.18
530,42,pauli,se,3,32,zero,0.810699999332428,7750.58
531,42,pauli,se,5,32,zero,0.8187999725341797,8553.08
532,42,pauli,se,7,32,zero,0.8205999732017517,9418.02
533,42,pauli,se,1,32,random_fixed,0.7853000164031982,6883.55
534,42,pauli,se,3,32,random_fixed,0.8116999864578247,7902.39
535,42,pauli,se,5,32,random_fixed,0.8185999989509583,8785.48
536,42,pauli,se,7,32,random_fixed,0.8206999897956848,9538.29
537,42,pauli,se,1,32,random_indep,0.7878000140190125,7063.79
538,42,pauli,se,3,32,random_indep,0.8109999895095825,7795.27
539,42,pauli,se,5,32,random_indep,0.8202000260353088,8462.62
540,42,pauli,se,7,32,random_indep,0.8222000002861023,9394.58
541,42,pauli,random,1,2,zero,0.2159000039100647,401.51
542,42,pauli,random,3,2,zero,0.2418999969959259,422.57
543,42,pauli,random,5,2,zero,0.39719998836517334,434.78
544,42,pauli,random,7,2,zero,0.4869999885559082,454.12
545,42,pauli,random,9,2,zero,0.5425999760627747,484.28
546,42,pauli,random,15,2,zero,0.5651999711990356,526.65
547,42,pauli,random,21,2,zero,0.5806000232696533,594.06
548,42,pauli,random,1,2,random_fixed,0.415800005197525,406.16
549,42,pauli,random,3,2,random_fixed,0.478300005197525,391.4
550,42,pauli,random,5,2,random_fixed,0.5263000130653381,426.45
551,42,pauli,random,7,2,random_fixed,0.5422999858856201,453.04
552,42,pauli,random,9,2,random_fixed,0.5418000221252441,466.93
553,42,pauli,random,15,2,random_fixed,0.5735999941825867,530.81
554,42,pauli,random,21,2,random_fixed,0.545199990272522,585.54
555,42,pauli,random,1,2,random_indep,0.3831000030040741,401.29
556,42,pauli,random,3,2,random_indep,0.5354999899864197,412.02
557,42,pauli,random,5,2,random_indep,0.4860000014305115,419.88
558,42,pauli,random,7,2,random_indep,0.5771999955177307,454.93
559,42,pauli,random,9,2,random_indep,0.5458999872207642,434.77
560,42,pauli,random,15,2,random_indep,0.5929999947547913,518.36
561,42,pauli,random,21,2,random_indep,0.5654000043869019,538.7
562,42,pauli,random,1,4,zero,0.2599000036716461,726.46
563,42,pauli,random,3,4,zero,0.2671000063419342,784.36
564,42,pauli,random,5,4,zero,0.6456000208854675,816.57
565,42,pauli,random,7,4,zero,0.6662999987602234,854.53
566,42,pauli,random,9,4,zero,0.6575999855995178,888.9
567,42,pauli,random,15,4,zero,0.6959999799728394,967.52
568,42,pauli,random,21,4,zero,0.7002000212669373,1070.87
569,42,pauli,random,1,4,random_fixed,0.5105000138282776,762.87
570,42,pauli,random,3,4,random_fixed,0.6294000148773193,787.51
571,42,pauli,random,5,4,random_fixed,0.6351000070571899,828.69
572,42,pauli,random,7,4,random_fixed,0.6800000071525574,836.72
573,42,pauli,random,9,4,random_fixed,0.7010999917984009,892.08
574,42,pauli,random,15,4,random_fixed,0.6974999904632568,1009.21
575,42,pauli,random,21,4,random_fixed,0.7095999717712402,1111.22
576,42,pauli,random,1,4,random_indep,0.6122000217437744,751.6
577,42,pauli,random,3,4,random_indep,0.6345000267028809,734.91
578,42,pauli,random,5,4,random_indep,0.6486999988555908,809.92
579,42,pauli,random,7,4,random_indep,0.6746000051498413,858.69
580,42,pauli,random,9,4,random_indep,0.6735000014305115,889.38
581,42,pauli,random,15,4,random_indep,0.7028999924659729,785.28
582,42,pauli,random,21,4,random_indep,0.7034000158309937,1125.41
583,42,pauli,random,1,8,zero,0.2912999987602234,1443.19
584,42,pauli,random,3,8,zero,0.29510000348091125,1489.61
585,42,pauli,random,5,8,zero,0.7263000011444092,1589.94
586,42,pauli,random,7,8,zero,0.7071999907493591,1604.17
587,42,pauli,random,9,8,zero,0.7451000213623047,1753.19
588,42,pauli,random,15,8,zero,0.7578999996185303,1983.13
589,42,pauli,random,21,8,zero,0.7580999732017517,2204.14
590,42,pauli,random,1,8,random_fixed,0.626800000667572,1439.67
591,42,pauli,random,3,8,random_fixed,0.6949999928474426,1534.51
592,42,pauli,random,5,8,random_fixed,0.73089998960495,1623.16
593,42,pauli,random,7,8,random_fixed,0.7432000041007996,1716.53
594,42,pauli,random,9,8,random_fixed,0.741599977016449,1739.54
595,42,pauli,random,15,8,random_fixed,0.7516999840736389,1980.82
596,42,pauli,random,21,8,random_fixed,0.761900007724762,2196.12
597,42,pauli,random,1,8,random_indep,0.6563000082969666,1465.26
598,42,pauli,random,3,8,random_indep,0.699400007724762,1546.76
599,42,pauli,random,5,8,random_indep,0.7185999751091003,1578.77
600,42,pauli,random,7,8,random_indep,0.7318000197410583,1662.74
601,42,pauli,random,9,8,random_indep,0.7397000193595886,1717.79
602,42,pauli,random,15,8,random_indep,0.755299985408783,1920.86
603,42,pauli,random,21,8,random_indep,0.7605000138282776,2165.78
604,42,pauli,random,1,16,zero,0.2978000044822693,2661.86
605,42,pauli,random,3,16,zero,0.3005000054836273,2637.82
606,42,pauli,random,5,16,zero,0.7559999823570251,3110.34
607,42,pauli,random,7,16,zero,0.7714999914169312,3247.9
608,42,pauli,random,9,16,zero,0.7789000272750854,3426.26
609,42,pauli,random,15,16,zero,0.7914000153541565,3668.27
610,42,pauli,random,21,16,zero,0.7975999712944031,4271.33
611,42,pauli,random,1,16,random_fixed,0.6740000247955322,2850.24
612,42,pauli,random,3,16,random_fixed,0.7566999793052673,2832.89
613,42,pauli,random,5,16,random_fixed,0.7712000012397766,3086.76
614,42,pauli,random,7,16,random_fixed,0.7818999886512756,3173.04
615,42,pauli,random,9,16,random_fixed,0.7871999740600586,3432.43
616,42,pauli,random,15,16,random_fixed,0.7921000123023987,3831.3
617,42,pauli,random,21,16,random_fixed,0.7930999994277954,4120.04
618,42,pauli,random,1,16,random_indep,0.7185999751091003,2812.91
619,42,pauli,random,3,16,random_indep,0.7544999718666077,2870.02
620,42,pauli,random,5,16,random_indep,0.7669000029563904,3119.97
621,42,pauli,random,7,16,random_indep,0.7804999947547913,3290.35
622,42,pauli,random,9,16,random_indep,0.7846999764442444,3299.79
623,42,pauli,random,15,16,random_indep,0.791700005531311,3834.83
624,42,pauli,random,21,16,random_indep,0.7942000031471252,4269.68
625,42,pauli,random,1,32,zero,0.30079999566078186,5374.64
626,42,pauli,random,3,32,zero,0.30160000920295715,5986.66
627,42,pauli,random,5,32,zero,0.8027999997138977,5987.67
628,42,pauli,random,7,32,zero,0.8026999831199646,6507.16
629,42,pauli,random,9,32,zero,0.8094000220298767,6857.6
630,42,pauli,random,15,32,zero,0.8162000179290771,7470.66
631,42,pauli,random,21,32,zero,0.8209999799728394,8642.92
632,42,pauli,random,1,32,random_fixed,0.7276999950408936,5599.62
633,42,pauli,random,3,32,random_fixed,0.7903000116348267,5929.6
634,42,pauli,random,5,32,random_fixed,0.8029999732971191,6234.17
635,42,pauli,random,7,32,random_fixed,0.8062999844551086,6476.14
636,42,pauli,random,9,32,random_fixed,0.8083000183105469,6894.66
637,42,pauli,random,15,32,random_fixed,0.8166000247001648,7559.54
638,42,pauli,random,21,32,random_fixed,0.8234999775886536,8433.48
639,42,pauli,random,1,32,random_indep,0.7613999843597412,5683.97
640,42,pauli,random,3,32,random_indep,0.7943000197410583,6027.13
641,42,pauli,random,5,32,random_indep,0.8047999739646912,6188.25
642,42,pauli,random,7,32,random_indep,0.8052999973297119,6474.51
643,42,pauli,random,9,32,random_indep,0.8123000264167786,6915.71
644,42,pauli,random,15,32,random_indep,0.8185999989509583,7524.58
645,42,pauli,random,21,32,random_indep,0.8191999793052673,8503.79
646,42,pauli,random_indep,1,2,zero,0.3093999922275543,391.55
647,42,pauli,random_indep,3,2,zero,0.49619999527931213,422.48
648,42,pauli,random_indep,5,2,zero,0.5060999989509583,442.89
649,42,pauli,random_indep,7,2,zero,0.5227000117301941,458.87
650,42,pauli,random_indep,9,2,zero,0.5734999775886536,481.18
651,42,pauli,random_indep,15,2,zero,0.5428000092506409,535.37
652,42,pauli,random_indep,21,2,zero,0.5655999779701233,546.99
653,42,pauli,random_indep,1,2,random_fixed,0.2964000105857849,399.15
654,42,pauli,random_indep,3,2,random_fixed,0.5073999762535095,428.15
655,42,pauli,random_indep,5,2,random_fixed,0.4788999855518341,441.06
656,42,pauli,random_indep,7,2,random_fixed,0.5307999849319458,460.46
657,42,pauli,random_indep,9,2,random_fixed,0.5766000151634216,478.8
658,42,pauli,random_indep,15,2,random_fixed,0.6004999876022339,507.99
659,42,pauli,random_indep,21,2,random_fixed,0.5827000141143799,583.37
660,42,pauli,random_indep,1,2,random_indep,0.39100000262260437,399.02
661,42,pauli,random_indep,3,2,random_indep,0.5187000036239624,418.23
662,42,pauli,random_indep,5,2,random_indep,0.5267000198364258,432.55
663,42,pauli,random_indep,7,2,random_indep,0.5458999872207642,454.39
664,42,pauli,random_indep,9,2,random_indep,0.534500002861023,406.21
665,42,pauli,random_indep,15,2,random_indep,0.5667999982833862,529.96
666,42,pauli,random_indep,21,2,random_indep,0.5946000218391418,594.79
667,42,pauli,random_indep,1,4,zero,0.4724000096321106,756.34
668,42,pauli,random_indep,3,4,zero,0.6172000169754028,784.42
669,42,pauli,random_indep,5,4,zero,0.6370000243186951,780.84
670,42,pauli,random_indep,7,4,zero,0.6798999905586243,850.16
671,42,pauli,random_indep,9,4,zero,0.6898000240325928,876.98
672,42,pauli,random_indep,15,4,zero,0.7027999758720398,822.26
673,42,pauli,random_indep,21,4,zero,0.7059000134468079,1084.47
674,42,pauli,random_indep,1,4,random_fixed,0.5526999831199646,633.13
675,42,pauli,random_indep,3,4,random_fixed,0.6327000260353088,759.41
676,42,pauli,random_indep,5,4,random_fixed,0.6498000025749207,824.4
677,42,pauli,random_indep,7,4,random_fixed,0.6536999940872192,858.91
678,42,pauli,random_indep,9,4,random_fixed,0.6858999729156494,860.82
679,42,pauli,random_indep,15,4,random_fixed,0.7073000073432922,997.47
680,42,pauli,random_indep,21,4,random_fixed,0.7020999789237976,1102.67
681,42,pauli,random_indep,1,4,random_indep,0.5289000272750854,756.14
682,42,pauli,random_indep,3,4,random_indep,0.600600004196167,769.06
683,42,pauli,random_indep,5,4,random_indep,0.664900004863739,825.87
684,42,pauli,random_indep,7,4,random_indep,0.6798999905586243,864.94
685,42,pauli,random_indep,9,4,random_indep,0.6855000257492065,919.03
686,42,pauli,random_indep,15,4,random_indep,0.7009000182151794,979.52
687,42,pauli,random_indep,21,4,random_indep,0.7002999782562256,1101.19
688,42,pauli,random_indep,1,8,zero,0.5893999934196472,1481.77
689,42,pauli,random_indep,3,8,zero,0.6953999996185303,1549.51
690,42,pauli,random_indep,5,8,zero,0.7224000096321106,1577.17
691,42,pauli,random_indep,7,8,zero,0.7249000072479248,1651.91
692,42,pauli,random_indep,9,8,zero,0.7448999881744385,1711.0
693,42,pauli,random_indep,15,8,zero,0.7487000226974487,1975.81
694,42,pauli,random_indep,21,8,zero,0.7498999834060669,2226.34
695,42,pauli,random_indep,1,8,random_fixed,0.642300009727478,1414.11
696,42,pauli,random_indep,3,8,random_fixed,0.7075999975204468,1544.56
697,42,pauli,random_indep,5,8,random_fixed,0.7258999943733215,1554.08
698,42,pauli,random_indep,7,8,random_fixed,0.7272999882698059,1659.62
699,42,pauli,random_indep,9,8,random_fixed,0.7497000098228455,1760.44
700,42,pauli,random_indep,15,8,random_fixed,0.7527999877929688,1968.73
701,42,pauli,random_indep,21,8,random_fixed,0.7605999708175659,2235.65
702,42,pauli,random_indep,1,8,random_indep,0.6509000062942505,1424.49
703,42,pauli,random_indep,3,8,random_indep,0.6998999714851379,1547.38
704,42,pauli,random_indep,5,8,random_indep,0.7242000102996826,1495.35
705,42,pauli,random_indep,7,8,random_indep,0.7348999977111816,1639.89
706,42,pauli,random_indep,9,8,random_indep,0.7397000193595886,1719.27
707,42,pauli,random_indep,15,8,random_indep,0.7578999996185303,1931.54
708,42,pauli,random_indep,21,8,random_indep,0.7504000067710876,2192.15
709,42,pauli,random_indep,1,16,zero,0.6718000173568726,2793.99
710,42,pauli,random_indep,3,16,zero,0.729200005531311,2999.69
711,42,pauli,random_indep,5,16,zero,0.7631000280380249,3134.57
712,42,pauli,random_indep,7,16,zero,0.7745000123977661,3129.32
713,42,pauli,random_indep,9,16,zero,0.7799999713897705,3382.34
714,42,pauli,random_indep,15,16,zero,0.7886000275611877,3880.01
715,42,pauli,random_indep,21,16,zero,0.791100025177002,4179.35
716,42,pauli,random_indep,1,16,random_fixed,0.6924999952316284,2762.13
717,42,pauli,random_indep,3,16,random_fixed,0.7476999759674072,2948.68
718,42,pauli,random_indep,5,16,random_fixed,0.7599999904632568,3103.63
719,42,pauli,random_indep,7,16,random_fixed,0.7785000205039978,3193.51
720,42,pauli,random_indep,9,16,random_fixed,0.7870000004768372,3385.45
721,42,pauli,random_indep,15,16,random_fixed,0.7936999797821045,3801.93
722,42,pauli,random_indep,21,16,random_fixed,0.7968999743461609,3894.88
723,42,pauli,random_indep,1,16,random_indep,0.7067000269889832,2841.95
724,42,pauli,random_indep,3,16,random_indep,0.7591000199317932,2861.25
725,42,pauli,random_indep,5,16,random_indep,0.7700999975204468,3145.87
726,42,pauli,random_indep,7,16,random_indep,0.7778000235557556,3161.15
727,42,pauli,random_indep,9,16,random_indep,0.7842000126838684,3455.12
728,42,pauli,random_indep,15,16,random_indep,0.7904999852180481,3762.07
729,42,pauli,random_indep,21,16,random_indep,0.7964000105857849,4226.02
730,42,pauli,random_indep,1,32,zero,0.741100013256073,5483.67
731,42,pauli,random_indep,3,32,zero,0.7885000109672546,5970.84
732,42,pauli,random_indep,5,32,zero,0.7944999933242798,6226.82
733,42,pauli,random_indep,7,32,zero,0.8064000010490417,6338.99
734,42,pauli,random_indep,9,32,zero,0.8075000047683716,6790.28
735,42,pauli,random_indep,15,32,zero,0.8138999938964844,7592.06
736,42,pauli,random_indep,21,32,zero,0.8188999891281128,8222.49
737,42,pauli,random_indep,1,32,random_fixed,0.7559999823570251,5646.13
738,42,pauli,random_indep,3,32,random_fixed,0.7889000177383423,5741.75
739,42,pauli,random_indep,5,32,random_fixed,0.8029000163078308,6159.34
740,42,pauli,random_indep,7,32,random_fixed,0.8072999715805054,6458.84
741,42,pauli,random_indep,9,32,random_fixed,0.8116999864578247,6593.69
742,42,pauli,random_indep,15,32,random_fixed,0.8151000142097473,7673.8
743,42,pauli,random_indep,21,32,random_fixed,0.8228999972343445,8729.97
744,42,pauli,random_indep,1,32,random_indep,0.7565000057220459,5715.41
745,42,pauli,random_indep,3,32,random_indep,0.7871999740600586,5928.22
746,42,pauli,random_indep,5,32,random_indep,0.8025000095367432,6332.76
747,42,pauli,random_indep,7,32,random_indep,0.8048999905586243,6514.16
748,42,pauli,random_indep,9,32,random_indep,0.8100000023841858,6539.72
749,42,pauli,random_indep,15,32,random_indep,0.8174999952316284,7645.22
750,42,pauli,random_indep,21,32,random_indep,0.8198000192642212,8440.21
751,4,flatten,be,1,2,zero,0.37860000133514404,394.82
752,4,flatten,be,3,2,zero,0.45559999346733093,410.31
753,4,flatten,be,5,2,zero,0.4726000130176544,432.67
754,4,flatten,be,7,2,zero,0.3959999978542328,448.81
755,4,flatten,be,9,2,zero,0.4043999910354614,448.91
756,4,flatten,be,15,2,zero,0.46140000224113464,528.9
757,4,flatten,be,21,2,zero,0.4778999984264374,581.74
758,4,flatten,be,1,2,random_fixed,0.3440999984741211,392.24
759,4,flatten,be,3,2,random_fixed,0.459199994802475,412.45
760,4,flatten,be,5,2,random_fixed,0.4077000021934509,430.77
761,4,flatten,be,7,2,random_fixed,0.451200008392334,451.11
762,4,flatten,be,9,2,random_fixed,0.39160001277923584,462.01
763,4,flatten,be,15,2,random_fixed,0.4537999927997589,515.27
764,4,flatten,be,21,2,random_fixed,0.4794999957084656,577.37
765,4,flatten,be,1,2,random_indep,0.33730000257492065,396.56
766,4,flatten,be,3,2,random_indep,0.4894999861717224,413.9
767,4,flatten,be,5,2,random_indep,0.4196999967098236,283.37
768,4,flatten,be,7,2,random_indep,0.4507000148296356,458.21
769,4,flatten,be,9,2,random_indep,0.4287000000476837,377.28
770,4,flatten,be,15,2,random_indep,0.4781000018119812,530.44
771,4,flatten,be,21,2,random_indep,0.4650999903678894,579.08
772,4,flatten,be,1,4,zero,0.4797999858856201,741.07
773,4,flatten,be,3,4,zero,0.5896999835968018,784.8
774,4,flatten,be,5,4,zero,0.60589998960495,791.51
775,4,flatten,be,7,4,zero,0.5789999961853027,855.66
776,4,flatten,be,9,4,zero,0.5813000202178955,892.64
777,4,flatten,be,15,4,zero,0.6057000160217285,1013.94
778,4,flatten,be,21,4,zero,0.560699999332428,1090.62
779,4,flatten,be,1,4,random_fixed,0.5511999726295471,636.91
780,4,flatten,be,3,4,random_fixed,0.6087999939918518,777.45
781,4,flatten,be,5,4,random_fixed,0.5540000200271606,823.24
782,4,flatten,be,7,4,random_fixed,0.5674999952316284,835.44
783,4,flatten,be,9,4,random_fixed,0.6018000245094299,882.75
784,4,flatten,be,15,4,random_fixed,0.5468999743461609,967.55
785,4,flatten,be,21,4,random_fixed,0.5253999829292297,1100.16
786,4,flatten,be,1,4,random_indep,0.5242000222206116,718.78
787,4,flatten,be,3,4,random_indep,0.5716000199317932,776.37
788,4,flatten,be,5,4,random_indep,0.5421000123023987,827.57
789,4,flatten,be,7,4,random_indep,0.6032999753952026,870.2
790,4,flatten,be,9,4,random_indep,0.5705999732017517,862.04
791,4,flatten,be,15,4,random_indep,0.5817000269889832,1013.42
792,4,flatten,be,21,4,random_indep,0.6119999885559082,1100.92
793,4,flatten,be,1,8,zero,0.5579000115394592,1430.08
794,4,flatten,be,3,8,zero,0.6962000131607056,1483.38
795,4,flatten,be,5,8,zero,0.7031999826431274,1428.69
796,4,flatten,be,7,8,zero,0.7152000069618225,1672.94
797,4,flatten,be,9,8,zero,0.7206000089645386,1759.0
798,4,flatten,be,15,8,zero,0.6985999941825867,2000.03
799,4,flatten,be,21,8,zero,0.7084000110626221,2199.11
800,4,flatten,be,1,8,random_fixed,0.5960999727249146,1424.17
801,4,flatten,be,3,8,random_fixed,0.6751999855041504,1545.91
802,4,flatten,be,5,8,random_fixed,0.6802999973297119,1615.28
803,4,flatten,be,7,8,random_fixed,0.6894000172615051,1709.78
804,4,flatten,be,9,8,random_fixed,0.6883000135421753,1776.52
805,4,flatten,be,15,8,random_fixed,0.680400013923645,1993.58
806,4,flatten,be,21,8,random_fixed,0.6773999929428101,2207.71
807,4,flatten,be,1,8,random_indep,0.6412000060081482,1468.67
808,4,flatten,be,3,8,random_indep,0.6678000092506409,1553.43
809,4,flatten,be,5,8,random_indep,0.6887000203132629,1578.57
810,4,flatten,be,7,8,random_indep,0.6974999904632568,1552.88
811,4,flatten,be,9,8,random_indep,0.7050999999046326,1746.53
812,4,flatten,be,15,8,random_indep,0.6902999877929688,1966.02
813,4,flatten,be,21,8,random_indep,0.6904000043869019,2200.01
814,4,flatten,be,1,16,zero,0.6740000247955322,2658.62
815,4,flatten,be,3,16,zero,0.7396000027656555,2971.29
816,4,flatten,be,5,16,zero,0.7605000138282776,3086.78
817,4,flatten,be,7,16,zero,0.7598000168800354,3049.43
818,4,flatten,be,9,16,zero,0.7551000118255615,3267.0
819,4,flatten,be,15,16,zero,0.7656999826431274,3873.11
820,4,flatten,be,21,16,zero,0.7634999752044678,4302.46
821,4,flatten,be,1,16,random_fixed,0.6890000104904175,2780.91
822,4,flatten,be,3,16,random_fixed,0.739799976348877,2917.93
823,4,flatten,be,5,16,random_fixed,0.7396000027656555,3108.85
824,4,flatten,be,7,16,random_fixed,0.7501000165939331,3312.35
825,4,flatten,be,9,16,random_fixed,0.7470999956130981,3050.37
826,4,flatten,be,15,16,random_fixed,0.7414000034332275,3910.51
827,4,flatten,be,21,16,random_fixed,0.7354999780654907,4372.14
828,4,flatten,be,1,16,random_indep,0.6951000094413757,2854.86
829,4,flatten,be,3,16,random_indep,0.7516999840736389,2923.79
830,4,flatten,be,5,16,random_indep,0.7477999925613403,3052.25
831,4,flatten,be,7,16,random_indep,0.7505999803543091,3292.88
832,4,flatten,be,9,16,random_indep,0.7519000172615051,3099.67
833,4,flatten,be,15,16,random_indep,0.7513999938964844,3877.92
834,4,flatten,be,21,16,random_indep,0.7555999755859375,4239.15
835,4,flatten,be,1,32,zero,0.7289999723434448,5607.26
836,4,flatten,be,3,32,zero,0.7878000140190125,5788.3
837,4,flatten,be,5,32,zero,0.7997999787330627,6047.38
838,4,flatten,be,7,32,zero,0.7983999848365784,6574.18
839,4,flatten,be,9,32,zero,0.800000011920929,6764.73
840,4,flatten,be,15,32,zero,0.7993000149726868,7785.01
841,4,flatten,be,21,32,zero,0.8004999756813049,8659.16
842,4,flatten,be,1,32,random_fixed,0.7257000207901001,5678.77
843,4,flatten,be,3,32,random_fixed,0.7757999897003174,6056.83
844,4,flatten,be,5,32,random_fixed,0.7856000065803528,6274.05
845,4,flatten,be,7,32,random_fixed,0.7886999845504761,6487.56
846,4,flatten,be,9,32,random_fixed,0.7856000065803528,6933.47
847,4,flatten,be,15,32,random_fixed,0.7871999740600586,7592.99
848,4,flatten,be,21,32,random_fixed,0.7836999893188477,8521.47
849,4,flatten,be,1,32,random_indep,0.7508000135421753,5607.56
850,4,flatten,be,3,32,random_indep,0.7853999733924866,5993.72
851,4,flatten,be,5,32,random_indep,0.7937999963760376,6345.87
852,4,flatten,be,7,32,random_indep,0.7953000068664551,6634.91
853,4,flatten,be,9,32,random_indep,0.7954000234603882,6707.46
854,4,flatten,be,15,32,random_indep,0.7991999983787537,7732.14
855,4,flatten,be,21,32,random_indep,0.7950000166893005,8444.28
856,4,flatten,se,1,2,zero,0.37459999322891235,481.3
857,4,flatten,se,3,2,zero,0.5436000227928162,518.07
858,4,flatten,se,5,2,zero,0.5432000160217285,584.94
859,4,flatten,se,7,2,zero,0.54339998960495,625.63
860,4,flatten,se,1,2,random_fixed,0.45829999446868896,457.93
861,4,flatten,se,3,2,random_fixed,0.5389000177383423,532.8
862,4,flatten,se,5,2,random_fixed,0.5364000201225281,577.69
863,4,flatten,se,7,2,random_fixed,0.49950000643730164,629.52
864,4,flatten,se,1,2,random_indep,0.3917999863624573,480.02
865,4,flatten,se,3,2,random_indep,0.5128999948501587,528.87
866,4,flatten,se,5,2,random_indep,0.5346999764442444,581.36
867,4,flatten,se,7,2,random_indep,0.5309000015258789,622.35
868,4,flatten,se,1,4,zero,0.5414000153541565,905.22
869,4,flatten,se,3,4,zero,0.6434999704360962,994.02
870,4,flatten,se,5,4,zero,0.6629999876022339,1106.97
871,4,flatten,se,7,4,zero,0.659600019454956,1202.51
872,4,flatten,se,1,4,random_fixed,0.5891000032424927,885.58
873,4,flatten,se,3,4,random_fixed,0.6632999777793884,1012.51
874,4,flatten,se,5,4,random_fixed,0.6690000295639038,1065.76
875,4,flatten,se,7,4,random_fixed,0.6524999737739563,1068.34
876,4,flatten,se,1,4,random_indep,0.6111000180244446,913.51
877,4,flatten,se,3,4,random_indep,0.6599000096321106,996.66
878,4,flatten,se,5,4,random_indep,0.6947000026702881,1021.67
879,4,flatten,se,7,4,random_indep,0.6485999822616577,1154.6
880,4,flatten,se,1,8,zero,0.6259999871253967,1782.43
881,4,flatten,se,3,8,zero,0.7372999787330627,1960.77
882,4,flatten,se,5,8,zero,0.7498000264167786,2201.08
883,4,flatten,se,7,8,zero,0.7488999962806702,2346.91
884,4,flatten,se,1,8,random_fixed,0.6898999810218811,1688.42
885,4,flatten,se,3,8,random_fixed,0.7365999817848206,1930.12
886,4,flatten,se,5,8,random_fixed,0.7491000294685364,2209.46
887,4,flatten,se,7,8,random_fixed,0.7473000288009644,2348.37
888,4,flatten,se,1,8,random_indep,0.6847000122070312,1776.05
889,4,flatten,se,3,8,random_indep,0.7368999719619751,1935.55
890,4,flatten,se,5,8,random_indep,0.743399977684021,2182.74
891,4,flatten,se,7,8,random_indep,0.7426999807357788,2303.09
892,4,flatten,se,1,16,zero,0.7213000059127808,3445.98
893,4,flatten,se,3,16,zero,0.7773000001907349,3823.34
894,4,flatten,se,5,16,zero,0.7897999882698059,4341.22
895,4,flatten,se,7,16,zero,0.7875999808311462,4722.76
896,4,flatten,se,1,16,random_fixed,0.7465999722480774,3568.55
897,4,flatten,se,3,16,random_fixed,0.7799000144004822,3975.66
898,4,flatten,se,5,16,random_fixed,0.7890999913215637,4337.05
899,4,flatten,se,7,16,random_fixed,0.7831000089645386,4741.78
900,4,flatten,se,1,16,random_indep,0.7458999752998352,3543.6
901,4,flatten,se,3,16,random_indep,0.7803000211715698,3667.1
902,4,flatten,se,5,16,random_indep,0.7893000245094299,4259.91
903,4,flatten,se,7,16,random_indep,0.786300003528595,4716.03
904,4,flatten,se,1,32,zero,0.7652000188827515,6700.78
905,4,flatten,se,3,32,zero,0.8033000230789185,7889.18
906,4,flatten,se,5,32,zero,0.8097000122070312,8409.16
907,4,flatten,se,7,32,zero,0.8138999938964844,9402.94
908,4,flatten,se,1,32,random_fixed,0.7835999727249146,6981.63
909,4,flatten,se,3,32,random_fixed,0.810699999332428,6986.53
910,4,flatten,se,5,32,random_fixed,0.8141999840736389,8673.5
911,4,flatten,se,7,32,random_fixed,0.8145999908447266,9532.2
912,4,flatten,se,1,32,random_indep,0.7883999943733215,7095.68
913,4,flatten,se,3,32,random_indep,0.8051000237464905,7687.66
914,4,flatten,se,5,32,random_indep,0.8119000196456909,8473.87
915,4,flatten,se,7,32,random_indep,0.816100001335144,9430.71
916,4,flatten,random,1,2,zero,0.3594000041484833,391.6
917,4,flatten,random,3,2,zero,0.3840000033378601,409.56
918,4,flatten,random,5,2,zero,0.48570001125335693,426.04
919,4,flatten,random,7,2,zero,0.4855000078678131,448.15
920,4,flatten,random,9,2,zero,0.47609999775886536,462.41
921,4,flatten,random,15,2,zero,0.5490000247955322,522.09
922,4,flatten,random,21,2,zero,0.5101000070571899,567.77
923,4,flatten,random,1,2,random_fixed,0.3628999888896942,393.64
924,4,flatten,random,3,2,random_fixed,0.4950000047683716,410.2
925,4,flatten,random,5,2,random_fixed,0.4796999990940094,429.7
926,4,flatten,random,7,2,random_fixed,0.5248000025749207,445.22
927,4,flatten,random,9,2,random_fixed,0.4756999909877777,460.9
928,4,flatten,random,15,2,random_fixed,0.5706999897956848,516.39
929,4,flatten,random,21,2,random_fixed,0.5181999802589417,574.34
930,4,flatten,random,1,2,random_indep,0.3240000009536743,393.45
931,4,flatten,random,3,2,random_indep,0.4984999895095825,415.3
932,4,flatten,random,5,2,random_indep,0.42640000581741333,423.74
933,4,flatten,random,7,2,random_indep,0.4683000147342682,396.14
934,4,flatten,random,9,2,random_indep,0.4900999963283539,464.4
935,4,flatten,random,15,2,random_indep,0.5192999839782715,511.59
936,4,flatten,random,21,2,random_indep,0.5131999850273132,562.83
937,4,flatten,random,1,4,zero,0.4848000109195709,736.44
938,4,flatten,random,3,4,zero,0.5029000043869019,780.77
939,4,flatten,random,5,4,zero,0.629800021648407,810.58
940,4,flatten,random,7,4,zero,0.6410999894142151,856.24
941,4,flatten,random,9,4,zero,0.6341999769210815,885.17
942,4,flatten,random,15,4,zero,0.6575999855995178,992.05
943,4,flatten,random,21,4,zero,0.6252999901771545,1089.97
944,4,flatten,random,1,4,random_fixed,0.4984999895095825,643.71
945,4,flatten,random,3,4,random_fixed,0.5400999784469604,773.35
946,4,flatten,random,5,4,random_fixed,0.6420000195503235,814.43
947,4,flatten,random,7,4,random_fixed,0.6359999775886536,849.58
948,4,flatten,random,9,4,random_fixed,0.6272000074386597,889.09
949,4,flatten,random,15,4,random_fixed,0.6607999801635742,988.53
950,4,flatten,random,21,4,random_fixed,0.670799970626831,1078.88
951,4,flatten,random,1,4,random_indep,0.4966000020503998,737.87
952,4,flatten,random,3,4,random_indep,0.5656999945640564,781.72
953,4,flatten,random,5,4,random_indep,0.6165000200271606,814.88
954,4,flatten,random,7,4,random_indep,0.6331999897956848,856.02
955,4,flatten,random,9,4,random_indep,0.6244999766349792,888.3
956,4,flatten,random,15,4,random_indep,0.6575999855995178,992.55
957,4,flatten,random,21,4,random_indep,0.6614000201225281,1090.72
958,4,flatten,random,1,8,zero,0.586899995803833,1442.04
959,4,flatten,random,3,8,zero,0.6850000023841858,1430.52
960,4,flatten,random,5,8,zero,0.6872000098228455,1589.36
961,4,flatten,random,7,8,zero,0.717199981212616,1674.35
962,4,flatten,random,9,8,zero,0.7215999960899353,1738.28
963,4,flatten,random,15,8,zero,0.7364000082015991,1961.02
964,4,flatten,random,21,8,zero,0.7457000017166138,2099.04
965,4,flatten,random,1,8,random_fixed,0.5953999757766724,1390.81
966,4,flatten,random,3,8,random_fixed,0.6546000242233276,1536.41
967,4,flatten,random,5,8,random_fixed,0.7124000191688538,1629.77
968,4,flatten,random,7,8,random_fixed,0.7192000150680542,1655.75
969,4,flatten,random,9,8,random_fixed,0.7332000136375427,1774.27
970,4,flatten,random,15,8,random_fixed,0.7448999881744385,1942.22
971,4,flatten,random,21,8,random_fixed,0.7412999868392944,2158.19
972,4,flatten,random,1,8,random_indep,0.6507999897003174,1444.13
973,4,flatten,random,3,8,random_indep,0.6730999946594238,1393.57
974,4,flatten,random,5,8,random_indep,0.7203999757766724,1538.37
975,4,flatten,random,7,8,random_indep,0.7224000096321106,1646.6
976,4,flatten,random,9,8,random_indep,0.7389000058174133,1601.05
977,4,flatten,random,15,8,random_indep,0.7346000075340271,1926.77
978,4,flatten,random,21,8,random_indep,0.7595000267028809,2120.7
979,4,flatten,random,1,16,zero,0.614300012588501,2807.95
980,4,flatten,random,3,16,zero,0.7321000099182129,2970.01
981,4,flatten,random,5,16,zero,0.7559999823570251,3074.03
982,4,flatten,random,7,16,zero,0.7635999917984009,3269.11
983,4,flatten,random,9,16,zero,0.7749000191688538,3410.17
984,4,flatten,random,15,16,zero,0.7843999862670898,3787.06
985,4,flatten,random,21,16,zero,0.7872999906539917,4047.12
986,4,flatten,random,1,16,random_fixed,0.6658999919891357,2798.69
987,4,flatten,random,3,16,random_fixed,0.7452999949455261,2995.49
988,4,flatten,random,5,16,random_fixed,0.7742999792098999,3132.2
989,4,flatten,random,7,16,random_fixed,0.7735999822616577,3228.78
990,4,flatten,random,9,16,random_fixed,0.7724000215530396,3400.5
991,4,flatten,random,15,16,random_fixed,0.7897999882698059,3870.8
992,4,flatten,random,21,16,random_fixed,0.7828999757766724,4214.66
993,4,flatten,random,1,16,random_indep,0.715399980545044,2810.74
994,4,flatten,random,3,16,random_indep,0.7505000233650208,2951.13
995,4,flatten,random,5,16,random_indep,0.7570000290870667,3095.9
996,4,flatten,random,7,16,random_indep,0.769599974155426,3226.33
997,4,flatten,random,9,16,random_indep,0.7735000252723694,3381.89
998,4,flatten,random,15,16,random_indep,0.7883999943733215,3602.14
999,4,flatten,random,21,16,random_indep,0.7860000133514404,4253.8
1000,4,flatten,random,1,32,zero,0.6381000280380249,5383.08
1001,4,flatten,random,3,32,zero,0.7749999761581421,5848.11
1002,4,flatten,random,5,32,zero,0.7955999970436096,5994.28
1003,4,flatten,random,7,32,zero,0.79830002784729,6335.17
1004,4,flatten,random,9,32,zero,0.7989000082015991,6889.61
1005,4,flatten,random,15,32,zero,0.8070999979972839,7490.8
1006,4,flatten,random,21,32,zero,0.8123999834060669,8303.6
1007,4,flatten,random,1,32,random_fixed,0.7235999703407288,5434.49
1008,4,flatten,random,3,32,random_fixed,0.7851999998092651,5866.96
1009,4,flatten,random,5,32,random_fixed,0.7965999841690063,6086.9
1010,4,flatten,random,7,32,random_fixed,0.8011999726295471,6495.65
1011,4,flatten,random,9,32,random_fixed,0.8043000102043152,6521.9
1012,4,flatten,random,15,32,random_fixed,0.8105000257492065,7607.99
1013,4,flatten,random,21,32,random_fixed,0.8134999871253967,8495.66
1014,4,flatten,random,1,32,random_indep,0.7598000168800354,5520.51
1015,4,flatten,random,3,32,random_indep,0.7734000086784363,5798.45
1016,4,flatten,random,5,32,random_indep,0.7954000234603882,6261.98
1017,4,flatten,random,7,32,random_indep,0.7990999817848206,6291.4
1018,4,flatten,random,9,32,random_indep,0.8072999715805054,6865.29
1019,4,flatten,random,15,32,random_indep,0.8105999827384949,7720.48
1020,4,flatten,random,21,32,random_indep,0.8130000233650208,8509.94
1021,4,flatten,random_indep,1,2,zero,0.24549999833106995,394.29
1022,4,flatten,random_indep,3,2,zero,0.4287000000476837,414.52
1023,4,flatten,random_indep,5,2,zero,0.49970000982284546,433.91
1024,4,flatten,random_indep,7,2,zero,0.4902999997138977,457.89
1025,4,flatten,random_indep,9,2,zero,0.5365999937057495,479.11
1026,4,flatten,random_indep,15,2,zero,0.5109000205993652,531.25
1027,4,flatten,random_indep,21,2,zero,0.46470001339912415,585.77
1028,4,flatten,random_indep,1,2,random_fixed,0.31769999861717224,408.52
1029,4,flatten,random_indep,3,2,random_fixed,0.43059998750686646,410.38
1030,4,flatten,random_indep,5,2,random_fixed,0.4918000102043152,431.89
1031,4,flatten,random_indep,7,2,random_fixed,0.4959999918937683,420.25
1032,4,flatten,random_indep,9,2,random_fixed,0.516700029373169,470.62
1033,4,flatten,random_indep,15,2,random_fixed,0.5485000014305115,524.4
1034,4,flatten,random_indep,21,2,random_fixed,0.5205000042915344,533.33
1035,4,flatten,random_indep,1,2,random_indep,0.35420000553131104,395.39
1036,4,flatten,random_indep,3,2,random_indep,0.3901999890804291,398.63
1037,4,flatten,random_indep,5,2,random_indep,0.45669999718666077,433.63
1038,4,flatten,random_indep,7,2,random_indep,0.5,446.71
1039,4,flatten,random_indep,9,2,random_indep,0.49559998512268066,475.61
1040,4,flatten,random_indep,15,2,random_indep,0.5230000019073486,524.78
1041,4,flatten,random_indep,21,2,random_indep,0.48649999499320984,544.66
1042,4,flatten,random_indep,1,4,zero,0.5633999705314636,750.46
1043,4,flatten,random_indep,3,4,zero,0.6162999868392944,770.38
1044,4,flatten,random_indep,5,4,zero,0.6223000288009644,806.42
1045,4,flatten,random_indep,7,4,zero,0.6610999703407288,855.87
1046,4,flatten,random_indep,9,4,zero,0.6668999791145325,897.85
1047,4,flatten,random_indep,15,4,zero,0.6664999723434448,998.31
1048,4,flatten,random_indep,21,4,zero,0.6552000045776367,1118.54
1049,4,flatten,random_indep,1,4,random_fixed,0.5742999911308289,717.17
1050,4,flatten,random_indep,3,4,random_fixed,0.5788999795913696,778.06
1051,4,flatten,random_indep,5,4,random_fixed,0.5986999869346619,812.44
1052,4,flatten,random_indep,7,4,random_fixed,0.6359000205993652,853.18
1053,4,flatten,random_indep,9,4,random_fixed,0.6335999965667725,884.6
1054,4,flatten,random_indep,15,4,random_fixed,0.6419000029563904,996.06
1055,4,flatten,random_indep,21,4,random_fixed,0.6563000082969666,1110.08
1056,4,flatten,random_indep,1,4,random_indep,0.5012999773025513,755.8
1057,4,flatten,random_indep,3,4,random_indep,0.585099995136261,781.94
1058,4,flatten,random_indep,5,4,random_indep,0.5950999855995178,820.66
1059,4,flatten,random_indep,7,4,random_indep,0.6177999973297119,868.18
1060,4,flatten,random_indep,9,4,random_indep,0.6366000175476074,906.16
1061,4,flatten,random_indep,15,4,random_indep,0.661300003528595,1010.95
1062,4,flatten,random_indep,21,4,random_indep,0.65829998254776,1125.88
1063,4,flatten,random_indep,1,8,zero,0.6074000000953674,1458.99
1064,4,flatten,random_indep,3,8,zero,0.6966000199317932,1528.47
1065,4,flatten,random_indep,5,8,zero,0.6966000199317932,1453.61
1066,4,flatten,random_indep,7,8,zero,0.7210999727249146,1676.68
1067,4,flatten,random_indep,9,8,zero,0.7321000099182129,1762.59
1068,4,flatten,random_indep,15,8,zero,0.7329000234603882,1966.81
1069,4,flatten,random_indep,21,8,zero,0.7332000136375427,2193.67
1070,4,flatten,random_indep,1,8,random_fixed,0.6247000098228455,1472.75
1071,4,flatten,random_indep,3,8,random_fixed,0.6705999970436096,1503.67
1072,4,flatten,random_indep,5,8,random_fixed,0.7009999752044678,1596.1
1073,4,flatten,random_indep,7,8,random_fixed,0.722599983215332,1552.67
1074,4,flatten,random_indep,9,8,random_fixed,0.7310000061988831,1738.92
1075,4,flatten,random_indep,15,8,random_fixed,0.7426000237464905,1910.68
1076,4,flatten,random_indep,21,8,random_fixed,0.7408999800682068,2193.52
1077,4,flatten,random_indep,1,8,random_indep,0.6376000046730042,1460.51
1078,4,flatten,random_indep,3,8,random_indep,0.6732000112533569,1490.48
1079,4,flatten,random_indep,5,8,random_indep,0.6985999941825867,1581.96
1080,4,flatten,random_indep,7,8,random_indep,0.7261999845504761,1603.46
1081,4,flatten,random_indep,9,8,random_indep,0.7267000079154968,1723.72
1082,4,flatten,random_indep,15,8,random_indep,0.7397000193595886,1680.16
1083,4,flatten,random_indep,21,8,random_indep,0.7526000142097473,2199.59
1084,4,flatten,random_indep,1,16,zero,0.6798999905586243,2841.53
1085,4,flatten,random_indep,3,16,zero,0.7401999831199646,2985.96
1086,4,flatten,random_indep,5,16,zero,0.7578999996185303,2842.17
1087,4,flatten,random_indep,7,16,zero,0.7630000114440918,3227.27
1088,4,flatten,random_indep,9,16,zero,0.7718999981880188,3376.4
1089,4,flatten,random_indep,15,16,zero,0.7843000292778015,3760.88
1090,4,flatten,random_indep,21,16,zero,0.786899983882904,4060.19
1091,4,flatten,random_indep,1,16,random_fixed,0.6927000284194946,2831.81
1092,4,flatten,random_indep,3,16,random_fixed,0.7398999929428101,2923.69
1093,4,flatten,random_indep,5,16,random_fixed,0.7562999725341797,3106.17
1094,4,flatten,random_indep,7,16,random_fixed,0.7746000289916992,3162.73
1095,4,flatten,random_indep,9,16,random_fixed,0.7724999785423279,3424.21
1096,4,flatten,random_indep,15,16,random_fixed,0.7849000096321106,3855.79
1097,4,flatten,random_indep,21,16,random_fixed,0.7799999713897705,4276.0
1098,4,flatten,random_indep,1,16,random_indep,0.6944000124931335,2820.38
1099,4,flatten,random_indep,3,16,random_indep,0.7357000112533569,2738.88
1100,4,flatten,random_indep,5,16,random_indep,0.7562999725341797,3147.27
1101,4,flatten,random_indep,7,16,random_indep,0.7652000188827515,3050.96
1102,4,flatten,random_indep,9,16,random_indep,0.7804999947547913,3424.89
1103,4,flatten,random_indep,15,16,random_indep,0.784500002861023,3772.98
1104,4,flatten,random_indep,21,16,random_indep,0.7860999703407288,4210.91
1105,4,flatten,random_indep,1,32,zero,0.7272999882698059,5669.59
1106,4,flatten,random_indep,3,32,zero,0.7835999727249146,5485.56
1107,4,flatten,random_indep,5,32,zero,0.792900025844574,6253.09
1108,4,flatten,random_indep,7,32,zero,0.7997999787330627,6559.84
1109,4,flatten,random_indep,9,32,zero,0.8054999709129333,6721.64
1110,4,flatten,random_indep,15,32,zero,0.8090000152587891,7805.9
1111,4,flatten,random_indep,21,32,zero,0.8136000037193298,8424.76
1112,4,flatten,random_indep,1,32,random_fixed,0.7458999752998352,5684.89
1113,4,flatten,random_indep,3,32,random_fixed,0.7817000150680542,5962.54
1114,4,flatten,random_indep,5,32,random_fixed,0.7932000160217285,6317.03
1115,4,flatten,random_indep,7,32,random_fixed,0.801800012588501,6584.78
1116,4,flatten,random_indep,9,32,random_fixed,0.803600013256073,6714.96
1117,4,flatten,random_indep,15,32,random_fixed,0.8091999888420105,7907.91
1118,4,flatten,random_indep,21,32,random_fixed,0.8140000104904175,8712.38
1119,4,flatten,random_indep,1,32,random_indep,0.7615000009536743,5706.72
1120,4,flatten,random_indep,3,32,random_indep,0.7806000113487244,5945.99
1121,4,flatten,random_indep,5,32,random_indep,0.7919999957084656,6154.56
1122,4,flatten,random_indep,7,32,random_indep,0.8025000095367432,6661.88
1123,4,flatten,random_indep,9,32,random_indep,0.8066999912261963,6878.68
1124,4,flatten,random_indep,15,32,random_indep,0.8130999803543091,7785.29
1125,4,flatten,random_indep,21,32,random_indep,0.8138999938964844,8652.58
1126,4,pauli,be,1,2,zero,0.3749000132083893,403.8
1127,4,pauli,be,3,2,zero,0.4269999861717224,390.74
1128,4,pauli,be,5,2,zero,0.46959999203681946,420.88
1129,4,pauli,be,7,2,zero,0.4106000065803528,423.81
1130,4,pauli,be,9,2,zero,0.4203999936580658,474.99
1131,4,pauli,be,15,2,zero,0.44929999113082886,535.42
1132,4,pauli,be,21,2,zero,0.4740999937057495,603.81
1133,4,pauli,be,1,2,random_fixed,0.328000009059906,404.45
1134,4,pauli,be,3,2,random_fixed,0.3499000072479248,411.24
1135,4,pauli,be,5,2,random_fixed,0.35429999232292175,440.47
1136,4,pauli,be,7,2,random_fixed,0.3441999852657318,457.51
1137,4,pauli,be,9,2,random_fixed,0.3653999865055084,473.47
1138,4,pauli,be,15,2,random_fixed,0.43869999051094055,522.23
1139,4,pauli,be,21,2,random_fixed,0.3894999921321869,587.5
1140,4,pauli,be,1,2,random_indep,0.3635999858379364,403.72
1141,4,pauli,be,3,2,random_indep,0.3977000117301941,423.19
1142,4,pauli,be,5,2,random_indep,0.3765999972820282,443.65
1143,4,pauli,be,7,2,random_indep,0.4156999886035919,464.23
1144,4,pauli,be,9,2,random_indep,0.47369998693466187,462.23
1145,4,pauli,be,15,2,random_indep,0.41040000319480896,536.57
1146,4,pauli,be,21,2,random_indep,0.4000999927520752,592.89
1147,4,pauli,be,1,4,zero,0.5091999769210815,728.56
1148,4,pauli,be,3,4,zero,0.5961999893188477,793.4
1149,4,pauli,be,5,4,zero,0.5903000235557556,829.0
1150,4,pauli,be,7,4,zero,0.6223999857902527,869.92
1151,4,pauli,be,9,4,zero,0.5927000045776367,905.72
1152,4,pauli,be,15,4,zero,0.5681999921798706,1027.15
1153,4,pauli,be,21,4,zero,0.5873000025749207,1145.61
1154,4,pauli,be,1,4,random_fixed,0.40610000491142273,758.34
1155,4,pauli,be,3,4,random_fixed,0.5149000287055969,709.53
1156,4,pauli,be,5,4,random_fixed,0.5354999899864197,835.71
1157,4,pauli,be,7,4,random_fixed,0.5009999871253967,868.09
1158,4,pauli,be,9,4,random_fixed,0.5985000133514404,919.49
1159,4,pauli,be,15,4,random_fixed,0.5713000297546387,1032.26
1160,4,pauli,be,21,4,random_fixed,0.524399995803833,1139.84
1161,4,pauli,be,1,4,random_indep,0.45730000734329224,762.22
1162,4,pauli,be,3,4,random_indep,0.5432999730110168,762.75
1163,4,pauli,be,5,4,random_indep,0.5699999928474426,836.28
1164,4,pauli,be,7,4,random_indep,0.5052000284194946,832.03
1165,4,pauli,be,9,4,random_indep,0.5437999963760376,925.12
1166,4,pauli,be,15,4,random_indep,0.5206000208854675,1026.79
1167,4,pauli,be,21,4,random_indep,0.621999979019165,1127.1
1168,4,pauli,be,1,8,zero,0.6310999989509583,1483.01
1169,4,pauli,be,3,8,zero,0.6897000074386597,1553.98
1170,4,pauli,be,5,8,zero,0.6941999793052673,1551.27
1171,4,pauli,be,7,8,zero,0.7081999778747559,1672.17
1172,4,pauli,be,9,8,zero,0.6851999759674072,1784.12
1173,4,pauli,be,15,8,zero,0.6996999979019165,2023.08
1174,4,pauli,be,21,8,zero,0.6955999732017517,2205.93
1175,4,pauli,be,1,8,random_fixed,0.5185999870300293,1490.33
1176,4,pauli,be,3,8,random_fixed,0.6769999861717224,1556.49
1177,4,pauli,be,5,8,random_fixed,0.6370999813079834,1616.81
1178,4,pauli,be,7,8,random_fixed,0.6292999982833862,1691.41
1179,4,pauli,be,9,8,random_fixed,0.6974999904632568,1786.54
1180,4,pauli,be,15,8,random_fixed,0.6883999705314636,2009.63
1181,4,pauli,be,21,8,random_fixed,0.5965999960899353,2147.75
1182,4,pauli,be,1,8,random_indep,0.6152999997138977,1469.37
1183,4,pauli,be,3,8,random_indep,0.6805999875068665,1552.03
1184,4,pauli,be,5,8,random_indep,0.684499979019165,1576.52
1185,4,pauli,be,7,8,random_indep,0.684499979019165,1643.99
1186,4,pauli,be,9,8,random_indep,0.7008000016212463,1743.89
1187,4,pauli,be,15,8,random_indep,0.6553999781608582,1856.97
1188,4,pauli,be,21,8,random_indep,0.6790000200271606,2181.81
1189,4,pauli,be,1,16,zero,0.7062000036239624,2846.07
1190,4,pauli,be,3,16,zero,0.7401999831199646,2973.13
1191,4,pauli,be,5,16,zero,0.7504000067710876,3047.56
1192,4,pauli,be,7,16,zero,0.7591999769210815,3295.73
1193,4,pauli,be,9,16,zero,0.7583000063896179,3466.44
1194,4,pauli,be,15,16,zero,0.7555000185966492,3822.81
1195,4,pauli,be,21,16,zero,0.7506999969482422,4405.55
1196,4,pauli,be,1,16,random_fixed,0.6097000241279602,2825.43
1197,4,pauli,be,3,16,random_fixed,0.7167999744415283,2932.24
1198,4,pauli,be,5,16,random_fixed,0.7024000287055969,3143.31
1199,4,pauli,be,7,16,random_fixed,0.7093999981880188,3182.61
1200,4,pauli,be,9,16,random_fixed,0.7476999759674072,3464.74
1201,4,pauli,be,15,16,random_fixed,0.7139000296592712,3905.57
1202,4,pauli,be,21,16,random_fixed,0.7106999754905701,4197.06
1203,4,pauli,be,1,16,random_indep,0.7031000256538391,2843.49
1204,4,pauli,be,3,16,random_indep,0.739300012588501,2981.74
1205,4,pauli,be,5,16,random_indep,0.739300012588501,3102.41
1206,4,pauli,be,7,16,random_indep,0.746999979019165,3317.3
1207,4,pauli,be,9,16,random_indep,0.732699990272522,3371.93
1208,4,pauli,be,15,16,random_indep,0.762499988079071,3915.03
1209,4,pauli,be,21,16,random_indep,0.7379000186920166,4185.79
1210,4,pauli,be,1,32,zero,0.7296000123023987,5642.02
1211,4,pauli,be,3,32,zero,0.7806000113487244,5845.72
1212,4,pauli,be,5,32,zero,0.7921000123023987,6226.75
1213,4,pauli,be,7,32,zero,0.7944999933242798,6638.29
1214,4,pauli,be,9,32,zero,0.7978000044822693,6533.96
1215,4,pauli,be,15,32,zero,0.7950999736785889,7642.88
1216,4,pauli,be,21,32,zero,0.7918999791145325,8894.41
1217,4,pauli,be,1,32,random_fixed,0.6814000010490417,5574.73
1218,4,pauli,be,3,32,random_fixed,0.7592999935150146,5971.34
1219,4,pauli,be,5,32,random_fixed,0.7540000081062317,6266.52
1220,4,pauli,be,7,32,random_fixed,0.7674999833106995,6635.71
1221,4,pauli,be,9,32,random_fixed,0.7793999910354614,6976.79
1222,4,pauli,be,15,32,random_fixed,0.7670999765396118,7831.87
1223,4,pauli,be,21,32,random_fixed,0.7653999924659729,8668.74
1224,4,pauli,be,1,32,random_indep,0.7576000094413757,5677.52
1225,4,pauli,be,3,32,random_indep,0.7781999707221985,5973.28
1226,4,pauli,be,5,32,random_indep,0.79339998960495,6208.42
1227,4,pauli,be,7,32,random_indep,0.7850000262260437,6559.9
1228,4,pauli,be,9,32,random_indep,0.792900025844574,6475.12
1229,4,pauli,be,15,32,random_indep,0.7937999963760376,7820.7
1230,4,pauli,be,21,32,random_indep,0.7907000184059143,8728.64
1231,4,pauli,se,1,2,zero,0.5005999803543091,494.45
1232,4,pauli,se,3,2,zero,0.5443999767303467,537.06
1233,4,pauli,se,5,2,zero,0.5289999842643738,592.31
1234,4,pauli,se,7,2,zero,0.5069000124931335,616.41
1235,4,pauli,se,1,2,random_fixed,0.46810001134872437,462.41
1236,4,pauli,se,3,2,random_fixed,0.5529000163078308,537.93
1237,4,pauli,se,5,2,random_fixed,0.5390999913215637,582.09
1238,4,pauli,se,7,2,random_fixed,0.5033000111579895,638.2
1239,4,pauli,se,1,2,random_indep,0.45879998803138733,485.62
1240,4,pauli,se,3,2,random_indep,0.5241000056266785,536.56
1241,4,pauli,se,5,2,random_indep,0.5425999760627747,464.46
1242,4,pauli,se,7,2,random_indep,0.573199987411499,624.79
1243,4,pauli,se,1,4,zero,0.5900999903678894,906.92
1244,4,pauli,se,3,4,zero,0.659500002861023,965.32
1245,4,pauli,se,5,4,zero,0.6700999736785889,1073.79
1246,4,pauli,se,7,4,zero,0.6953999996185303,1121.75
1247,4,pauli,se,1,4,random_fixed,0.6434999704360962,919.09
1248,4,pauli,se,3,4,random_fixed,0.6865000128746033,998.09
1249,4,pauli,se,5,4,random_fixed,0.7056000232696533,1090.66
1250,4,pauli,se,7,4,random_fixed,0.7050999999046326,1209.94
1251,4,pauli,se,1,4,random_indep,0.6182000041007996,935.63
1252,4,pauli,se,3,4,random_indep,0.6775000095367432,1010.45
1253,4,pauli,se,5,4,random_indep,0.7110000252723694,1121.45
1254,4,pauli,se,7,4,random_indep,0.7102000117301941,1213.22
1255,4,pauli,se,1,8,zero,0.6754999756813049,1746.77
1256,4,pauli,se,3,8,zero,0.7524999976158142,1969.99
1257,4,pauli,se,5,8,zero,0.7626000046730042,2207.97
1258,4,pauli,se,7,8,zero,0.760200023651123,2357.48
1259,4,pauli,se,1,8,random_fixed,0.7019000053405762,1616.49
1260,4,pauli,se,3,8,random_fixed,0.7440999746322632,1990.18
1261,4,pauli,se,5,8,random_fixed,0.7657999992370605,2199.23
1262,4,pauli,se,7,8,random_fixed,0.758899986743927,2305.34
1263,4,pauli,se,1,8,random_indep,0.7114999890327454,1687.65
1264,4,pauli,se,3,8,random_indep,0.7473999857902527,1986.72
1265,4,pauli,se,5,8,random_indep,0.7566999793052673,2160.51
1266,4,pauli,se,7,8,random_indep,0.7572000026702881,2370.94
1267,4,pauli,se,1,16,zero,0.7307000160217285,3546.17
1268,4,pauli,se,3,16,zero,0.7925999760627747,3755.81
1269,4,pauli,se,5,16,zero,0.8004999756813049,4380.93
1270,4,pauli,se,7,16,zero,0.7957000136375427,4513.5
1271,4,pauli,se,1,16,random_fixed,0.758400022983551,3544.56
1272,4,pauli,se,3,16,random_fixed,0.7854999899864197,3979.84
1273,4,pauli,se,5,16,random_fixed,0.7961999773979187,4078.23
1274,4,pauli,se,7,16,random_fixed,0.7940999865531921,4609.01
1275,4,pauli,se,1,16,random_indep,0.7477999925613403,3554.64
1276,4,pauli,se,3,16,random_indep,0.7990999817848206,3978.96
1277,4,pauli,se,5,16,random_indep,0.7903000116348267,4406.9
1278,4,pauli,se,7,16,random_indep,0.7994999885559082,4508.24
1279,4,pauli,se,1,32,zero,0.7771000266075134,6951.86
1280,4,pauli,se,3,32,zero,0.8111000061035156,7780.49
1281,4,pauli,se,5,32,zero,0.817799985408783,8428.32
1282,4,pauli,se,7,32,zero,0.8185999989509583,9700.95
1283,4,pauli,se,1,32,random_fixed,0.789900004863739,7159.49
1284,4,pauli,se,3,32,random_fixed,0.810699999332428,7791.11
1285,4,pauli,se,5,32,random_fixed,0.8187000155448914,8694.6
1286,4,pauli,se,7,32,random_fixed,0.8212000131607056,9244.69
1287,4,pauli,se,1,32,random_indep,0.7867000102996826,7118.72
1288,4,pauli,se,3,32,random_indep,0.8133999705314636,7879.52
1289,4,pauli,se,5,32,random_indep,0.820900022983551,8707.01
1290,4,pauli,se,7,32,random_indep,0.819599986076355,9398.8
1291,4,pauli,random,1,2,zero,0.32280001044273376,401.86
1292,4,pauli,random,3,2,zero,0.4948999881744385,410.62
1293,4,pauli,random,5,2,zero,0.4876999855041504,437.41
1294,4,pauli,random,7,2,zero,0.5051000118255615,451.4
1295,4,pauli,random,9,2,zero,0.5598000288009644,468.12
1296,4,pauli,random,15,2,zero,0.5241000056266785,524.94
1297,4,pauli,random,21,2,zero,0.5354999899864197,571.96
1298,4,pauli,random,1,2,random_fixed,0.26260000467300415,397.9
1299,4,pauli,random,3,2,random_fixed,0.4050999879837036,423.22
1300,4,pauli,random,5,2,random_fixed,0.4875999987125397,432.72
1301,4,pauli,random,7,2,random_fixed,0.4975999891757965,452.54
1302,4,pauli,random,9,2,random_fixed,0.5349000096321106,480.59
1303,4,pauli,random,15,2,random_fixed,0.5375000238418579,521.62
1304,4,pauli,random,21,2,random_fixed,0.510200023651123,447.38
1305,4,pauli,random,1,2,random_indep,0.3476000130176544,372.6
1306,4,pauli,random,3,2,random_indep,0.45590001344680786,418.98
1307,4,pauli,random,5,2,random_indep,0.5029000043869019,422.23
1308,4,pauli,random,7,2,random_indep,0.5479000210762024,453.61
1309,4,pauli,random,9,2,random_indep,0.503000020980835,477.2
1310,4,pauli,random,15,2,random_indep,0.550000011920929,524.11
1311,4,pauli,random,21,2,random_indep,0.5218999981880188,551.37
1312,4,pauli,random,1,4,zero,0.5029000043869019,736.36
1313,4,pauli,random,3,4,zero,0.6037999987602234,774.29
1314,4,pauli,random,5,4,zero,0.6553000211715698,762.95
1315,4,pauli,random,7,4,zero,0.642300009727478,861.34
1316,4,pauli,random,9,4,zero,0.6845999956130981,875.23
1317,4,pauli,random,15,4,zero,0.6956999897956848,1000.78
1318,4,pauli,random,21,4,zero,0.6872000098228455,1054.88
1319,4,pauli,random,1,4,random_fixed,0.44620001316070557,747.56
1320,4,pauli,random,3,4,random_fixed,0.6168000102043152,780.17
1321,4,pauli,random,5,4,random_fixed,0.6305999755859375,797.54
1322,4,pauli,random,7,4,random_fixed,0.6840000152587891,860.63
1323,4,pauli,random,9,4,random_fixed,0.6779000163078308,889.1
1324,4,pauli,random,15,4,random_fixed,0.6948000192642212,990.39
1325,4,pauli,random,21,4,random_fixed,0.7014999985694885,1107.43
1326,4,pauli,random,1,4,random_indep,0.4943000078201294,745.31
1327,4,pauli,random,3,4,random_indep,0.6471999883651733,791.43
1328,4,pauli,random,5,4,random_indep,0.6484000086784363,646.67
1329,4,pauli,random,7,4,random_indep,0.6819000244140625,858.75
1330,4,pauli,random,9,4,random_indep,0.6815999746322632,903.89
1331,4,pauli,random,15,4,random_indep,0.6955999732017517,801.73
1332,4,pauli,random,21,4,random_indep,0.697700023651123,1121.95
1333,4,pauli,random,1,8,zero,0.5871000289916992,1453.51
1334,4,pauli,random,3,8,zero,0.685699999332428,1566.44
1335,4,pauli,random,5,8,zero,0.7193999886512756,1591.68
1336,4,pauli,random,7,8,zero,0.7312999963760376,1629.96
1337,4,pauli,random,9,8,zero,0.7394999861717224,1728.91
1338,4,pauli,random,15,8,zero,0.7469000220298767,1893.77
1339,4,pauli,random,21,8,zero,0.7476000189781189,2087.48
1340,4,pauli,random,1,8,random_fixed,0.614300012588501,1480.22
1341,4,pauli,random,3,8,random_fixed,0.6969000101089478,1300.88
1342,4,pauli,random,5,8,random_fixed,0.7319999933242798,1584.18
1343,4,pauli,random,7,8,random_fixed,0.7361000180244446,1672.08
1344,4,pauli,random,9,8,random_fixed,0.7491000294685364,1737.09
1345,4,pauli,random,15,8,random_fixed,0.7511000037193298,1934.78
1346,4,pauli,random,21,8,random_fixed,0.765500009059906,2079.95
1347,4,pauli,random,1,8,random_indep,0.6728000044822693,1363.59
1348,4,pauli,random,3,8,random_indep,0.7142000198364258,1536.7
1349,4,pauli,random,5,8,random_indep,0.7276999950408936,1599.78
1350,4,pauli,random,7,8,random_indep,0.7293000221252441,1627.81
1351,4,pauli,random,9,8,random_indep,0.7461000084877014,1717.21
1352,4,pauli,random,15,8,random_indep,0.7412999868392944,1882.27
1353,4,pauli,random,21,8,random_indep,0.753600001335144,2107.89
1354,4,pauli,random,1,16,zero,0.6485999822616577,2840.1
1355,4,pauli,random,3,16,zero,0.7278000116348267,2992.77
1356,4,pauli,random,5,16,zero,0.7648000121116638,3100.83
1357,4,pauli,random,7,16,zero,0.7738999724388123,3251.54
1358,4,pauli,random,9,16,zero,0.7781999707221985,3345.66
1359,4,pauli,random,15,16,zero,0.7915999889373779,3660.2
1360,4,pauli,random,21,16,zero,0.7925000190734863,4247.58
1361,4,pauli,random,1,16,random_fixed,0.6827999949455261,2817.7
1362,4,pauli,random,3,16,random_fixed,0.7480999827384949,2723.94
1363,4,pauli,random,5,16,random_fixed,0.7714999914169312,3054.06
1364,4,pauli,random,7,16,random_fixed,0.779699981212616,3221.24
1365,4,pauli,random,9,16,random_fixed,0.7825999855995178,3310.84
1366,4,pauli,random,15,16,random_fixed,0.7914999723434448,3538.32
1367,4,pauli,random,21,16,random_fixed,0.7904000282287598,4118.13
1368,4,pauli,random,1,16,random_indep,0.7056999802589417,2811.73
1369,4,pauli,random,3,16,random_indep,0.7515000104904175,2888.3
1370,4,pauli,random,5,16,random_indep,0.7732999920845032,3136.24
1371,4,pauli,random,7,16,random_indep,0.7799999713897705,3279.42
1372,4,pauli,random,9,16,random_indep,0.7853999733924866,3320.76
1373,4,pauli,random,15,16,random_indep,0.7903000116348267,3806.52
1374,4,pauli,random,21,16,random_indep,0.7879999876022339,4165.08
1375,4,pauli,random,1,32,zero,0.6700000166893005,5464.22
1376,4,pauli,random,3,32,zero,0.776199996471405,5799.21
1377,4,pauli,random,5,32,zero,0.7954999804496765,5947.18
1378,4,pauli,random,7,32,zero,0.7983999848365784,6400.02
1379,4,pauli,random,9,32,zero,0.803600013256073,6876.31
1380,4,pauli,random,15,32,zero,0.8177000284194946,7674.34
1381,4,pauli,random,21,32,zero,0.8137000203132629,8552.11
1382,4,pauli,random,1,32,random_fixed,0.7178999781608582,5641.4
1383,4,pauli,random,3,32,random_fixed,0.7894999980926514,5820.46
1384,4,pauli,random,5,32,random_fixed,0.8069000244140625,5882.32
1385,4,pauli,random,7,32,random_fixed,0.8118000030517578,6510.93
1386,4,pauli,random,9,32,random_fixed,0.8155999779701233,6876.95
1387,4,pauli,random,15,32,random_fixed,0.8138999938964844,7672.7
1388,4,pauli,random,21,32,random_fixed,0.8198000192642212,8510.97
1389,4,pauli,random,1,32,random_indep,0.7653999924659729,5473.09
1390,4,pauli,random,3,32,random_indep,0.7953000068664551,5753.94
1391,4,pauli,random,5,32,random_indep,0.8029000163078308,6193.25
1392,4,pauli,random,7,32,random_indep,0.8080000281333923,6563.64
1393,4,pauli,random,9,32,random_indep,0.8116000294685364,6893.58
1394,4,pauli,random,15,32,random_indep,0.8183000087738037,7317.82
1395,4,pauli,random,21,32,random_indep,0.819599986076355,8402.41
1396,4,pauli,random_indep,1,2,zero,0.30309998989105225,407.24
1397,4,pauli,random_indep,3,2,zero,0.3815000057220459,426.17
1398,4,pauli,random_indep,5,2,zero,0.5056999921798706,425.51
1399,4,pauli,random_indep,7,2,zero,0.5105000138282776,463.55
1400,4,pauli,random_indep,9,2,zero,0.5529999732971191,477.95
1401,4,pauli,random_indep,15,2,zero,0.5604000091552734,532.56
1402,4,pauli,random_indep,21,2,zero,0.5354999899864197,593.84
1403,4,pauli,random_indep,1,2,random_fixed,0.3357999920845032,404.76
1404,4,pauli,random_indep,3,2,random_fixed,0.45660001039505005,420.64
1405,4,pauli,random_indep,5,2,random_fixed,0.5097000002861023,445.06
1406,4,pauli,random_indep,7,2,random_fixed,0.5605999827384949,460.08
1407,4,pauli,random_indep,9,2,random_fixed,0.5403000116348267,479.02
1408,4,pauli,random_indep,15,2,random_fixed,0.5253000259399414,538.04
1409,4,pauli,random_indep,21,2,random_fixed,0.5160999894142151,589.56
1410,4,pauli,random_indep,1,2,random_indep,0.40560001134872437,376.59
1411,4,pauli,random_indep,3,2,random_indep,0.516700029373169,420.97
1412,4,pauli,random_indep,5,2,random_indep,0.5228000283241272,445.32
1413,4,pauli,random_indep,7,2,random_indep,0.5149000287055969,331.76
1414,4,pauli,random_indep,9,2,random_indep,0.5533999800682068,441.53
1415,4,pauli,random_indep,15,2,random_indep,0.49000000953674316,534.84
1416,4,pauli,random_indep,21,2,random_indep,0.5246999859809875,590.04
1417,4,pauli,random_indep,1,4,zero,0.43869999051094055,754.28
1418,4,pauli,random_indep,3,4,zero,0.5961999893188477,736.71
1419,4,pauli,random_indep,5,4,zero,0.6678000092506409,808.27
1420,4,pauli,random_indep,7,4,zero,0.657800018787384,854.14
1421,4,pauli,random_indep,9,4,zero,0.6593999862670898,875.38
1422,4,pauli,random_indep,15,4,zero,0.701200008392334,1004.19
1423,4,pauli,random_indep,21,4,zero,0.6875,1094.35
1424,4,pauli,random_indep,1,4,random_fixed,0.4050999879837036,712.35
1425,4,pauli,random_indep,3,4,random_fixed,0.6553000211715698,781.35
1426,4,pauli,random_indep,5,4,random_fixed,0.6654000282287598,802.78
1427,4,pauli,random_indep,7,4,random_fixed,0.6798999905586243,833.48
1428,4,pauli,random_indep,9,4,random_fixed,0.6938999891281128,818.07
1429,4,pauli,random_indep,15,4,random_fixed,0.6729000210762024,1016.78
1430,4,pauli,random_indep,21,4,random_fixed,0.7107999920845032,1105.47
1431,4,pauli,random_indep,1,4,random_indep,0.4715999960899353,757.18
1432,4,pauli,random_indep,3,4,random_indep,0.6140999794006348,793.07
1433,4,pauli,random_indep,5,4,random_indep,0.6717000007629395,809.28
1434,4,pauli,random_indep,7,4,random_indep,0.6901999711990356,856.99
1435,4,pauli,random_indep,9,4,random_indep,0.6940000057220459,790.07
1436,4,pauli,random_indep,15,4,random_indep,0.6894999742507935,1021.95
1437,4,pauli,random_indep,21,4,random_indep,0.7084000110626221,1131.0
1438,4,pauli,random_indep,1,8,zero,0.5254999995231628,1479.79
1439,4,pauli,random_indep,3,8,zero,0.710099995136261,1573.87
1440,4,pauli,random_indep,5,8,zero,0.6816999912261963,1618.43
1441,4,pauli,random_indep,7,8,zero,0.7287999987602234,1669.59
1442,4,pauli,random_indep,9,8,zero,0.7264999747276306,1694.9
1443,4,pauli,random_indep,15,8,zero,0.7512000203132629,1991.75
1444,4,pauli,random_indep,21,8,zero,0.7609000205993652,2218.74
1445,4,pauli,random_indep,1,8,random_fixed,0.6651999950408936,1491.03
1446,4,pauli,random_indep,3,8,random_fixed,0.7031999826431274,1421.07
1447,4,pauli,random_indep,5,8,random_fixed,0.7257999777793884,1597.21
1448,4,pauli,random_indep,7,8,random_fixed,0.7290999889373779,1705.8
1449,4,pauli,random_indep,9,8,random_fixed,0.746999979019165,1766.48
1450,4,pauli,random_indep,15,8,random_fixed,0.7512999773025513,1956.76
1451,4,pauli,random_indep,21,8,random_fixed,0.7563999891281128,2224.08
1452,4,pauli,random_indep,1,8,random_indep,0.6366000175476074,1456.83
1453,4,pauli,random_indep,3,8,random_indep,0.7103000283241272,1549.21
1454,4,pauli,random_indep,5,8,random_indep,0.7325999736785889,1590.94
1455,4,pauli,random_indep,7,8,random_indep,0.7379999756813049,1577.17
1456,4,pauli,random_indep,9,8,random_indep,0.7366999983787537,1742.84
1457,4,pauli,random_indep,15,8,random_indep,0.7524999976158142,1953.33
1458,4,pauli,random_indep,21,8,random_indep,0.7580000162124634,2163.99
1459,4,pauli,random_indep,1,16,zero,0.7009000182151794,2770.68
1460,4,pauli,random_indep,3,16,zero,0.7526000142097473,2462.08
1461,4,pauli,random_indep,5,16,zero,0.7537999749183655,3092.62
1462,4,pauli,random_indep,7,16,zero,0.7738000154495239,3306.74
1463,4,pauli,random_indep,9,16,zero,0.7773000001907349,3296.88
1464,4,pauli,random_indep,15,16,zero,0.7885000109672546,3850.49
1465,4,pauli,random_indep,21,16,zero,0.7946000099182129,4313.53
1466,4,pauli,random_indep,1,16,random_fixed,0.7027999758720398,2668.13
1467,4,pauli,random_indep,3,16,random_fixed,0.7378000020980835,2896.53
1468,4,pauli,random_indep,5,16,random_fixed,0.769599974155426,3018.24
1469,4,pauli,random_indep,7,16,random_fixed,0.7793999910354614,3248.36
1470,4,pauli,random_indep,9,16,random_fixed,0.7831000089645386,3393.4
1471,4,pauli,random_indep,15,16,random_fixed,0.7903000116348267,3695.51
1472,4,pauli,random_indep,21,16,random_fixed,0.7906000018119812,4216.6
1473,4,pauli,random_indep,1,16,random_indep,0.7152000069618225,2870.62
1474,4,pauli,random_indep,3,16,random_indep,0.758899986743927,2964.44
1475,4,pauli,random_indep,5,16,random_indep,0.760200023651123,2992.8
1476,4,pauli,random_indep,7,16,random_indep,0.7810999751091003,3313.79
1477,4,pauli,random_indep,9,16,random_indep,0.784600019454956,3421.58
1478,4,pauli,random_indep,15,16,random_indep,0.7910000085830688,3850.77
1479,4,pauli,random_indep,21,16,random_indep,0.7900999784469604,4207.71
1480,4,pauli,random_indep,1,32,zero,0.7322999835014343,5450.38
1481,4,pauli,random_indep,3,32,zero,0.7979000210762024,5926.86
1482,4,pauli,random_indep,5,32,zero,0.8022000193595886,6338.17
1483,4,pauli,random_indep,7,32,zero,0.809499979019165,6299.41
1484,4,pauli,random_indep,9,32,zero,0.8104000091552734,6842.23
1485,4,pauli,random_indep,15,32,zero,0.815500020980835,7843.0
1486,4,pauli,random_indep,21,32,zero,0.819100022315979,8353.25
1487,4,pauli,random_indep,1,32,random_fixed,0.7519999742507935,5695.43
1488,4,pauli,random_indep,3,32,random_fixed,0.791100025177002,5990.7
1489,4,pauli,random_indep,5,32,random_fixed,0.8014000058174133,6259.45
1490,4,pauli,random_indep,7,32,random_fixed,0.8047000169754028,6458.04
1491,4,pauli,random_indep,9,32,random_fixed,0.8120999932289124,6744.16
1492,4,pauli,random_indep,15,32,random_fixed,0.8155999779701233,7662.5
1493,4,pauli,random_indep,21,32,random_fixed,0.8213000297546387,8468.18
1494,4,pauli,random_indep,1,32,random_indep,0.7649000287055969,5694.84
1495,4,pauli,random_indep,3,32,random_indep,0.795199990272522,5858.82
1496,4,pauli,random_indep,5,32,random_indep,0.7997999787330627,6139.48
1497,4,pauli,random_indep,7,32,random_indep,0.8059999942779541,6652.15
1498,4,pauli,random_indep,9,32,random_indep,0.8123000264167786,6608.95
1499,4,pauli,random_indep,15,32,random_indep,0.8184999823570251,7745.36
1500,4,pauli,random_indep,21,32,random_indep,0.8167999982833862,8717.08
1501,14,flatten,be,1,2,zero,0.3391000032424927,396.52
1502,14,flatten,be,3,2,zero,0.48069998621940613,415.64
1503,14,flatten,be,5,2,zero,0.49070000648498535,436.72
1504,14,flatten,be,7,2,zero,0.4603999853134155,461.84
1505,14,flatten,be,9,2,zero,0.516700029373169,447.3
1506,14,flatten,be,15,2,zero,0.44909998774528503,490.73
1507,14,flatten,be,21,2,zero,0.4602999985218048,587.9
1508,14,flatten,be,1,2,random_fixed,0.38580000400543213,389.15
1509,14,flatten,be,3,2,random_fixed,0.3391000032424927,415.69
1510,14,flatten,be,5,2,random_fixed,0.3919000029563904,438.69
1511,14,flatten,be,7,2,random_fixed,0.4318999946117401,446.4
1512,14,flatten,be,9,2,random_fixed,0.45579999685287476,465.37
1513,14,flatten,be,15,2,random_fixed,0.4584999978542328,523.87
1514,14,flatten,be,21,2,random_fixed,0.44179999828338623,586.86
1515,14,flatten,be,1,2,random_indep,0.34630000591278076,392.2
1516,14,flatten,be,3,2,random_indep,0.45719999074935913,409.52
1517,14,flatten,be,5,2,random_indep,0.5059000253677368,334.42
1518,14,flatten,be,7,2,random_indep,0.4903999865055084,350.98
1519,14,flatten,be,9,2,random_indep,0.44269999861717224,472.84
1520,14,flatten,be,15,2,random_indep,0.4918999969959259,530.3
1521,14,flatten,be,21,2,random_indep,0.43700000643730164,570.52
1522,14,flatten,be,1,4,zero,0.4790000021457672,745.32
1523,14,flatten,be,3,4,zero,0.6107000112533569,725.24
1524,14,flatten,be,5,4,zero,0.632099986076355,817.48
1525,14,flatten,be,7,4,zero,0.6348999738693237,852.23
1526,14,flatten,be,9,4,zero,0.6507999897003174,903.59
1527,14,flatten,be,15,4,zero,0.6468999981880188,999.18
1528,14,flatten,be,21,4,zero,0.6050000190734863,1108.0
1529,14,flatten,be,1,4,random_fixed,0.5123000144958496,748.59
1530,14,flatten,be,3,4,random_fixed,0.5752000212669373,789.4
1531,14,flatten,be,5,4,random_fixed,0.6136999726295471,812.42
1532,14,flatten,be,7,4,random_fixed,0.583299994468689,852.03
1533,14,flatten,be,9,4,random_fixed,0.5974000096321106,877.3
1534,14,flatten,be,15,4,random_fixed,0.593999981880188,994.54
1535,14,flatten,be,21,4,random_fixed,0.6247000098228455,1095.12
1536,14,flatten,be,1,4,random_indep,0.490200012922287,746.23
1537,14,flatten,be,3,4,random_indep,0.6007999777793884,792.36
1538,14,flatten,be,5,4,random_indep,0.6029000282287598,836.47
1539,14,flatten,be,7,4,random_indep,0.5831999778747559,874.18
1540,14,flatten,be,9,4,random_indep,0.5925999879837036,911.61
1541,14,flatten,be,15,4,random_indep,0.6358000040054321,1038.06
1542,14,flatten,be,21,4,random_indep,0.5949000120162964,1140.23
1543,14,flatten,be,1,8,zero,0.5982999801635742,1479.73
1544,14,flatten,be,3,8,zero,0.6894000172615051,1533.91
1545,14,flatten,be,5,8,zero,0.7059000134468079,1550.33
1546,14,flatten,be,7,8,zero,0.7129999995231628,1684.13
1547,14,flatten,be,9,8,zero,0.7113999724388123,1587.21
1548,14,flatten,be,15,8,zero,0.6940000057220459,1955.36
1549,14,flatten,be,21,8,zero,0.6876999735832214,2229.94
1550,14,flatten,be,1,8,random_fixed,0.6205999851226807,1468.46
1551,14,flatten,be,3,8,random_fixed,0.6305000185966492,1521.04
1552,14,flatten,be,5,8,random_fixed,0.694599986076355,1603.12
1553,14,flatten,be,7,8,random_fixed,0.6651999950408936,1696.15
1554,14,flatten,be,9,8,random_fixed,0.7006999850273132,1779.1
1555,14,flatten,be,15,8,random_fixed,0.6823999881744385,2005.04
1556,14,flatten,be,21,8,random_fixed,0.6929000020027161,2171.51
1557,14,flatten,be,1,8,random_indep,0.628600001335144,1473.38
1558,14,flatten,be,3,8,random_indep,0.6891000270843506,1540.87
1559,14,flatten,be,5,8,random_indep,0.6935999989509583,1531.13
1560,14,flatten,be,7,8,random_indep,0.6976000070571899,1668.25
1561,14,flatten,be,9,8,random_indep,0.6973999738693237,1734.11
1562,14,flatten,be,15,8,random_indep,0.6899999976158142,1990.16
1563,14,flatten,be,21,8,random_indep,0.7093999981880188,2177.07
1564,14,flatten,be,1,16,zero,0.6969000101089478,2846.76
1565,14,flatten,be,3,16,zero,0.7511000037193298,2978.61
1566,14,flatten,be,5,16,zero,0.7592999935150146,3167.82
1567,14,flatten,be,7,16,zero,0.7623999714851379,3290.4
1568,14,flatten,be,9,16,zero,0.767300009727478,3363.0
1569,14,flatten,be,15,16,zero,0.7626000046730042,3871.59
1570,14,flatten,be,21,16,zero,0.7721999883651733,4235.16
1571,14,flatten,be,1,16,random_fixed,0.6657000184059143,2819.95
1572,14,flatten,be,3,16,random_fixed,0.7200999855995178,2995.46
1573,14,flatten,be,5,16,random_fixed,0.744700014591217,3049.22
1574,14,flatten,be,7,16,random_fixed,0.7311999797821045,3286.08
1575,14,flatten,be,9,16,random_fixed,0.7494999766349792,3454.81
1576,14,flatten,be,15,16,random_fixed,0.7429999709129333,3874.25
1577,14,flatten,be,21,16,random_fixed,0.7531999945640564,4357.23
1578,14,flatten,be,1,16,random_indep,0.7121999859809875,2850.62
1579,14,flatten,be,3,16,random_indep,0.7439000010490417,2653.13
1580,14,flatten,be,5,16,random_indep,0.7484999895095825,3132.23
1581,14,flatten,be,7,16,random_indep,0.7549999952316284,3114.84
1582,14,flatten,be,9,16,random_indep,0.7635999917984009,3450.53
1583,14,flatten,be,15,16,random_indep,0.7490000128746033,3856.91
1584,14,flatten,be,21,16,random_indep,0.7592999935150146,4286.65
1585,14,flatten,be,1,32,zero,0.7304999828338623,5627.6
1586,14,flatten,be,3,32,zero,0.7892000079154968,5965.68
1587,14,flatten,be,5,32,zero,0.7975000143051147,6270.8
1588,14,flatten,be,7,32,zero,0.7982000112533569,6353.48
1589,14,flatten,be,9,32,zero,0.7982000112533569,6862.08
1590,14,flatten,be,15,32,zero,0.8039000034332275,7776.99
1591,14,flatten,be,21,32,zero,0.8016999959945679,8552.34
1592,14,flatten,be,1,32,random_fixed,0.7167999744415283,5424.26
1593,14,flatten,be,3,32,random_fixed,0.7742000222206116,5942.57
1594,14,flatten,be,5,32,random_fixed,0.7864999771118164,6039.85
1595,14,flatten,be,7,32,random_fixed,0.784500002861023,6588.88
1596,14,flatten,be,9,32,random_fixed,0.7858999967575073,6924.03
1597,14,flatten,be,15,32,random_fixed,0.7894999980926514,7855.32
1598,14,flatten,be,21,32,random_fixed,0.7972000241279602,8790.01
1599,14,flatten,be,1,32,random_indep,0.7458000183105469,5578.56
1600,14,flatten,be,3,32,random_indep,0.782800018787384,6018.04
1601,14,flatten,be,5,32,random_indep,0.7960000038146973,6387.31
1602,14,flatten,be,7,32,random_indep,0.796500027179718,6703.84
1603,14,flatten,be,9,32,random_indep,0.7930999994277954,6788.06
1604,14,flatten,be,15,32,random_indep,0.7936999797821045,7893.79
1605,14,flatten,be,21,32,random_indep,0.7944999933242798,8873.32
1606,14,flatten,se,1,2,zero,0.4713999927043915,474.12
1607,14,flatten,se,3,2,zero,0.5638999938964844,517.98
1608,14,flatten,se,5,2,zero,0.5734000205993652,576.35
1609,14,flatten,se,7,2,zero,0.5878000259399414,624.32
1610,14,flatten,se,1,2,random_fixed,0.44350001215934753,476.05
1611,14,flatten,se,3,2,random_fixed,0.5472000241279602,528.36
1612,14,flatten,se,5,2,random_fixed,0.5181999802589417,575.92
1613,14,flatten,se,7,2,random_fixed,0.5296000242233276,627.23
1614,14,flatten,se,1,2,random_indep,0.49950000643730164,457.22
1615,14,flatten,se,3,2,random_indep,0.5508000254631042,529.4
1616,14,flatten,se,5,2,random_indep,0.5656999945640564,533.24
1617,14,flatten,se,7,2,random_indep,0.5550000071525574,614.44
1618,14,flatten,se,1,4,zero,0.5412999987602234,912.18
1619,14,flatten,se,3,4,zero,0.6470000147819519,1002.36
1620,14,flatten,se,5,4,zero,0.6912999749183655,1116.91
1621,14,flatten,se,7,4,zero,0.6858999729156494,1195.37
1622,14,flatten,se,1,4,random_fixed,0.6194999814033508,922.95
1623,14,flatten,se,3,4,random_fixed,0.6599000096321106,1017.27
1624,14,flatten,se,5,4,random_fixed,0.6804999709129333,1123.68
1625,14,flatten,se,7,4,random_fixed,0.6976000070571899,1167.85
1626,14,flatten,se,1,4,random_indep,0.6398000121116638,935.74
1627,14,flatten,se,3,4,random_indep,0.6804999709129333,1006.51
1628,14,flatten,se,5,4,random_indep,0.7002999782562256,1097.44
1629,14,flatten,se,7,4,random_indep,0.6949999928474426,1210.94
1630,14,flatten,se,1,8,zero,0.6748999953269958,1774.59
1631,14,flatten,se,3,8,zero,0.7279000282287598,1807.37
1632,14,flatten,se,5,8,zero,0.7423999905586243,2176.74
1633,14,flatten,se,7,8,zero,0.7451000213623047,2378.7
1634,14,flatten,se,1,8,random_fixed,0.684499979019165,1780.47
1635,14,flatten,se,3,8,random_fixed,0.7397000193595886,1869.63
1636,14,flatten,se,5,8,random_fixed,0.741599977016449,2192.23
1637,14,flatten,se,7,8,random_fixed,0.7386000156402588,2389.72
1638,14,flatten,se,1,8,random_indep,0.6833000183105469,1727.51
1639,14,flatten,se,3,8,random_indep,0.7386999726295471,1703.52
1640,14,flatten,se,5,8,random_indep,0.7526000142097473,2110.98
1641,14,flatten,se,7,8,random_indep,0.7493000030517578,2367.54
1642,14,flatten,se,1,16,zero,0.7342000007629395,3475.75
1643,14,flatten,se,3,16,zero,0.7764000296592712,3960.15
1644,14,flatten,se,5,16,zero,0.7896999716758728,4351.63
1645,14,flatten,se,7,16,zero,0.7904000282287598,4744.6
1646,14,flatten,se,1,16,random_fixed,0.7372000217437744,3578.27
1647,14,flatten,se,3,16,random_fixed,0.7850000262260437,3416.02
1648,14,flatten,se,5,16,random_fixed,0.7915999889373779,4290.51
1649,14,flatten,se,7,16,random_fixed,0.7943000197410583,4624.11
1650,14,flatten,se,1,16,random_indep,0.75,3588.49
1651,14,flatten,se,3,16,random_indep,0.7847999930381775,3601.77
1652,14,flatten,se,5,16,random_indep,0.7853000164031982,4224.8
1653,14,flatten,se,7,16,random_indep,0.7918999791145325,4678.0
1654,14,flatten,se,1,32,zero,0.765999972820282,7187.46
1655,14,flatten,se,3,32,zero,0.8027999997138977,7150.34
1656,14,flatten,se,5,32,zero,0.8100000023841858,8487.39
1657,14,flatten,se,7,32,zero,0.8148000240325928,9085.95
1658,14,flatten,se,1,32,random_fixed,0.7789999842643738,7041.36
1659,14,flatten,se,3,32,random_fixed,0.8046000003814697,7934.92
1660,14,flatten,se,5,32,random_fixed,0.8112000226974487,8640.89
1661,14,flatten,se,7,32,random_fixed,0.8156999945640564,9330.51
1662,14,flatten,se,1,32,random_indep,0.7836999893188477,7118.07
1663,14,flatten,se,3,32,random_indep,0.8065000176429749,7670.82
1664,14,flatten,se,5,32,random_indep,0.8105999827384949,8664.76
1665,14,flatten,se,7,32,random_indep,0.8144999742507935,9245.11
1666,14,flatten,random,1,2,zero,0.43650001287460327,389.15
1667,14,flatten,random,3,2,zero,0.5220999717712402,405.92
1668,14,flatten,random,5,2,zero,0.5019999742507935,425.57
1669,14,flatten,random,7,2,zero,0.5012000203132629,447.42
1670,14,flatten,random,9,2,zero,0.5115000009536743,466.82
1671,14,flatten,random,15,2,zero,0.5015000104904175,527.35
1672,14,flatten,random,21,2,zero,0.5565000176429749,494.03
1673,14,flatten,random,1,2,random_fixed,0.30070000886917114,392.49
1674,14,flatten,random,3,2,random_fixed,0.41429999470710754,322.18
1675,14,flatten,random,5,2,random_fixed,0.4936999976634979,297.98
1676,14,flatten,random,7,2,random_fixed,0.4970000088214874,449.87
1677,14,flatten,random,9,2,random_fixed,0.527999997138977,472.68
1678,14,flatten,random,15,2,random_fixed,0.5257999897003174,532.87
1679,14,flatten,random,21,2,random_fixed,0.5961999893188477,581.23
1680,14,flatten,random,1,2,random_indep,0.3824000060558319,397.15
1681,14,flatten,random,3,2,random_indep,0.4643999934196472,413.02
1682,14,flatten,random,5,2,random_indep,0.4551999866962433,426.45
1683,14,flatten,random,7,2,random_indep,0.48669999837875366,445.57
1684,14,flatten,random,9,2,random_indep,0.5590000152587891,471.7
1685,14,flatten,random,15,2,random_indep,0.49380001425743103,520.94
1686,14,flatten,random,21,2,random_indep,0.54830002784729,578.7
1687,14,flatten,random,1,4,zero,0.4611999988555908,721.93
1688,14,flatten,random,3,4,zero,0.5810999870300293,780.74
1689,14,flatten,random,5,4,zero,0.5993000268936157,805.82
1690,14,flatten,random,7,4,zero,0.6324999928474426,851.51
1691,14,flatten,random,9,4,zero,0.6783000230789185,897.8
1692,14,flatten,random,15,4,zero,0.6937999725341797,982.51
1693,14,flatten,random,21,4,zero,0.6651999950408936,901.99
1694,14,flatten,random,1,4,random_fixed,0.5065000057220459,753.77
1695,14,flatten,random,3,4,random_fixed,0.5742999911308289,776.24
1696,14,flatten,random,5,4,random_fixed,0.6696000099182129,787.85
1697,14,flatten,random,7,4,random_fixed,0.6412000060081482,863.33
1698,14,flatten,random,9,4,random_fixed,0.6708999872207642,871.47
1699,14,flatten,random,15,4,random_fixed,0.7013000249862671,1006.47
1700,14,flatten,random,21,4,random_fixed,0.7013999819755554,1090.39
1701,14,flatten,random,1,4,random_indep,0.541700005531311,746.84
1702,14,flatten,random,3,4,random_indep,0.6266999840736389,791.01
1703,14,flatten,random,5,4,random_indep,0.614799976348877,826.46
1704,14,flatten,random,7,4,random_indep,0.6395000219345093,859.28
1705,14,flatten,random,9,4,random_indep,0.6909000277519226,906.25
1706,14,flatten,random,15,4,random_indep,0.7092000246047974,999.07
1707,14,flatten,random,21,4,random_indep,0.6966999769210815,913.42
1708,14,flatten,random,1,8,zero,0.5133000016212463,1451.39
1709,14,flatten,random,3,8,zero,0.671500027179718,1514.62
1710,14,flatten,random,5,8,zero,0.7123000025749207,1600.79
1711,14,flatten,random,7,8,zero,0.7254999876022339,1400.85
1712,14,flatten,random,9,8,zero,0.7329000234603882,1776.04
1713,14,flatten,random,15,8,zero,0.7426999807357788,1908.89
1714,14,flatten,random,21,8,zero,0.7398999929428101,2172.25
1715,14,flatten,random,1,8,random_fixed,0.6277999877929688,1465.02
1716,14,flatten,random,3,8,random_fixed,0.6934000253677368,1537.34
1717,14,flatten,random,5,8,random_fixed,0.7131999731063843,1621.95
1718,14,flatten,random,7,8,random_fixed,0.7360000014305115,1704.17
1719,14,flatten,random,9,8,random_fixed,0.7391999959945679,1739.02
1720,14,flatten,random,15,8,random_fixed,0.7423999905586243,1785.72
1721,14,flatten,random,21,8,random_fixed,0.7475000023841858,1836.77
1722,14,flatten,random,1,8,random_indep,0.6295999884605408,1452.62
1723,14,flatten,random,3,8,random_indep,0.6973999738693237,1263.31
1724,14,flatten,random,5,8,random_indep,0.7085000276565552,1575.29
1725,14,flatten,random,7,8,random_indep,0.7301999926567078,1578.94
1726,14,flatten,random,9,8,random_indep,0.7398999929428101,1720.8
1727,14,flatten,random,15,8,random_indep,0.7505000233650208,1967.36
1728,14,flatten,random,21,8,random_indep,0.7473999857902527,1883.29
1729,14,flatten,random,1,16,zero,0.5785999894142151,2809.44
1730,14,flatten,random,3,16,zero,0.7427999973297119,2925.1
1731,14,flatten,random,5,16,zero,0.75,3132.13
1732,14,flatten,random,7,16,zero,0.7804999947547913,3046.87
1733,14,flatten,random,9,16,zero,0.7746999859809875,3374.75
1734,14,flatten,random,15,16,zero,0.7921000123023987,3819.28
1735,14,flatten,random,21,16,zero,0.792900025844574,4292.76
1736,14,flatten,random,1,16,random_fixed,0.6779999732971191,2806.47
1737,14,flatten,random,3,16,random_fixed,0.7418000102043152,2931.17
1738,14,flatten,random,5,16,random_fixed,0.7623000144958496,3140.33
1739,14,flatten,random,7,16,random_fixed,0.7777000069618225,3308.13
1740,14,flatten,random,9,16,random_fixed,0.7784000039100647,3453.96
1741,14,flatten,random,15,16,random_fixed,0.7861999869346619,3900.24
1742,14,flatten,random,21,16,random_fixed,0.7912999987602234,4334.72
1743,14,flatten,random,1,16,random_indep,0.7071999907493591,2802.6
1744,14,flatten,random,3,16,random_indep,0.739300012588501,2958.52
1745,14,flatten,random,5,16,random_indep,0.7738000154495239,2775.24
1746,14,flatten,random,7,16,random_indep,0.7768999934196472,3271.54
1747,14,flatten,random,9,16,random_indep,0.7795000076293945,3445.82
1748,14,flatten,random,15,16,random_indep,0.7894999980926514,3877.34
1749,14,flatten,random,21,16,random_indep,0.7900000214576721,3994.66
1750,14,flatten,random,1,32,zero,0.6245999932289124,5600.48
1751,14,flatten,random,3,32,zero,0.7843999862670898,5879.41
1752,14,flatten,random,5,32,zero,0.7925000190734863,6268.63
1753,14,flatten,random,7,32,zero,0.798799991607666,6648.07
1754,14,flatten,random,9,32,zero,0.8052999973297119,6899.95
1755,14,flatten,random,15,32,zero,0.8084999918937683,7888.44
1756,14,flatten,random,21,32,zero,0.8136000037193298,8230.61
1757,14,flatten,random,1,32,random_fixed,0.7149999737739563,5565.53
1758,14,flatten,random,3,32,random_fixed,0.7767000198364258,5960.99
1759,14,flatten,random,5,32,random_fixed,0.7965999841690063,6166.81
1760,14,flatten,random,7,32,random_fixed,0.8030999898910522,6626.76
1761,14,flatten,random,9,32,random_fixed,0.8044000267982483,6921.06
1762,14,flatten,random,15,32,random_fixed,0.8115000128746033,7710.56
1763,14,flatten,random,21,32,random_fixed,0.8155999779701233,8657.35
1764,14,flatten,random,1,32,random_indep,0.7595999836921692,5467.05
1765,14,flatten,random,3,32,random_indep,0.7802000045776367,5994.9
1766,14,flatten,random,5,32,random_indep,0.796999990940094,6282.03
1767,14,flatten,random,7,32,random_indep,0.8001999855041504,6621.85
1768,14,flatten,random,9,32,random_indep,0.8069000244140625,6947.85
1769,14,flatten,random,15,32,random_indep,0.8102999925613403,7798.76
1770,14,flatten,random,21,32,random_indep,0.814300000667572,8111.29
1771,14,flatten,random_indep,1,2,zero,0.3714999854564667,396.14
1772,14,flatten,random_indep,3,2,zero,0.36970001459121704,415.07
1773,14,flatten,random_indep,5,2,zero,0.5022000074386597,430.55
1774,14,flatten,random_indep,7,2,zero,0.5091000199317932,451.3
1775,14,flatten,random_indep,9,2,zero,0.47769999504089355,469.05
1776,14,flatten,random_indep,15,2,zero,0.5343000292778015,525.26
1777,14,flatten,random_indep,21,2,zero,0.6064000129699707,545.44
1778,14,flatten,random_indep,1,2,random_fixed,0.2565000057220459,279.45
1779,14,flatten,random_indep,3,2,random_fixed,0.4244000017642975,348.38
1780,14,flatten,random_indep,5,2,random_fixed,0.4564000070095062,427.74
1781,14,flatten,random_indep,7,2,random_fixed,0.45159998536109924,349.66
1782,14,flatten,random_indep,9,2,random_fixed,0.5407000184059143,464.43
1783,14,flatten,random_indep,15,2,random_fixed,0.5802000164985657,468.71
1784,14,flatten,random_indep,21,2,random_fixed,0.5626000165939331,568.16
1785,14,flatten,random_indep,1,2,random_indep,0.36559998989105225,392.16
1786,14,flatten,random_indep,3,2,random_indep,0.45980000495910645,380.82
1787,14,flatten,random_indep,5,2,random_indep,0.5203999876976013,431.29
1788,14,flatten,random_indep,7,2,random_indep,0.5058000087738037,449.13
1789,14,flatten,random_indep,9,2,random_indep,0.5856999754905701,473.18
1790,14,flatten,random_indep,15,2,random_indep,0.5339000225067139,485.68
1791,14,flatten,random_indep,21,2,random_indep,0.5641999840736389,584.9
1792,14,flatten,random_indep,1,4,zero,0.490200012922287,744.01
1793,14,flatten,random_indep,3,4,zero,0.6007999777793884,752.72
1794,14,flatten,random_indep,5,4,zero,0.6564000248908997,801.72
1795,14,flatten,random_indep,7,4,zero,0.6348999738693237,846.27
1796,14,flatten,random_indep,9,4,zero,0.6854000091552734,898.42
1797,14,flatten,random_indep,15,4,zero,0.6754000186920166,999.28
1798,14,flatten,random_indep,21,4,zero,0.6887999773025513,1003.46
1799,14,flatten,random_indep,1,4,random_fixed,0.5397999882698059,747.9
1800,14,flatten,random_indep,3,4,random_fixed,0.5166000127792358,788.72
1801,14,flatten,random_indep,5,4,random_fixed,0.6287000179290771,817.17
1802,14,flatten,random_indep,7,4,random_fixed,0.6510999798774719,850.86
1803,14,flatten,random_indep,9,4,random_fixed,0.6854000091552734,884.85
1804,14,flatten,random_indep,15,4,random_fixed,0.7053999900817871,976.34
1805,14,flatten,random_indep,21,4,random_fixed,0.6644999980926514,1107.37
1806,14,flatten,random_indep,1,4,random_indep,0.4514999985694885,737.79
1807,14,flatten,random_indep,3,4,random_indep,0.5830000042915344,778.7
1808,14,flatten,random_indep,5,4,random_indep,0.6025999784469604,779.15
1809,14,flatten,random_indep,7,4,random_indep,0.6525999903678894,864.06
1810,14,flatten,random_indep,9,4,random_indep,0.6747999787330627,722.92
1811,14,flatten,random_indep,15,4,random_indep,0.6941999793052673,1030.18
1812,14,flatten,random_indep,21,4,random_indep,0.7071999907493591,1116.26
1813,14,flatten,random_indep,1,8,zero,0.6744999885559082,1497.39
1814,14,flatten,random_indep,3,8,zero,0.7186999917030334,1562.13
1815,14,flatten,random_indep,5,8,zero,0.7200000286102295,1599.94
1816,14,flatten,random_indep,7,8,zero,0.7135999798774719,1669.56
1817,14,flatten,random_indep,9,8,zero,0.7257999777793884,1761.09
1818,14,flatten,random_indep,15,8,zero,0.7455999851226807,1916.32
1819,14,flatten,random_indep,21,8,zero,0.7404999732971191,2180.85
1820,14,flatten,random_indep,1,8,random_fixed,0.5985000133514404,1443.1
1821,14,flatten,random_indep,3,8,random_fixed,0.6909000277519226,1559.34
1822,14,flatten,random_indep,5,8,random_fixed,0.7214999794960022,1540.37
1823,14,flatten,random_indep,7,8,random_fixed,0.7285000085830688,1687.95
1824,14,flatten,random_indep,9,8,random_fixed,0.7317000031471252,1763.85
1825,14,flatten,random_indep,15,8,random_fixed,0.7365000247955322,1972.11
1826,14,flatten,random_indep,21,8,random_fixed,0.7444999814033508,2216.73
1827,14,flatten,random_indep,1,8,random_indep,0.6463000178337097,1464.9
1828,14,flatten,random_indep,3,8,random_indep,0.6747000217437744,1552.07
1829,14,flatten,random_indep,5,8,random_indep,0.7264999747276306,1580.76
1830,14,flatten,random_indep,7,8,random_indep,0.7168999910354614,1632.58
1831,14,flatten,random_indep,9,8,random_indep,0.7319999933242798,1714.17
1832,14,flatten,random_indep,15,8,random_indep,0.7409999966621399,1955.15
1833,14,flatten,random_indep,21,8,random_indep,0.7432000041007996,2142.72
1834,14,flatten,random_indep,1,16,zero,0.6973999738693237,2579.45
1835,14,flatten,random_indep,3,16,zero,0.7421000003814697,2612.47
1836,14,flatten,random_indep,5,16,zero,0.7656999826431274,2628.47
1837,14,flatten,random_indep,7,16,zero,0.7768999934196472,2920.07
1838,14,flatten,random_indep,9,16,zero,0.7728999853134155,3191.68
1839,14,flatten,random_indep,15,16,zero,0.7817999720573425,3505.08
1840,14,flatten,random_indep,21,16,zero,0.7914999723434448,4303.01
1841,14,flatten,random_indep,1,16,random_fixed,0.6947000026702881,2839.02
1842,14,flatten,random_indep,3,16,random_fixed,0.7373999953269958,2969.58
1843,14,flatten,random_indep,5,16,random_fixed,0.7563999891281128,3147.04
1844,14,flatten,random_indep,7,16,random_fixed,0.7746000289916992,3156.43
1845,14,flatten,random_indep,9,16,random_fixed,0.7773000001907349,3395.84
1846,14,flatten,random_indep,15,16,random_fixed,0.7817000150680542,3763.04
1847,14,flatten,random_indep,21,16,random_fixed,0.7957000136375427,4314.98
1848,14,flatten,random_indep,1,16,random_indep,0.7006999850273132,2804.11
1849,14,flatten,random_indep,3,16,random_indep,0.7293000221252441,2983.89
1850,14,flatten,random_indep,5,16,random_indep,0.7652999758720398,3062.51
1851,14,flatten,random_indep,7,16,random_indep,0.7730000019073486,3271.33
1852,14,flatten,random_indep,9,16,random_indep,0.7760000228881836,3446.09
1853,14,flatten,random_indep,15,16,random_indep,0.7840999960899353,3796.74
1854,14,flatten,random_indep,21,16,random_indep,0.7888000011444092,4194.27
1855,14,flatten,random_indep,1,32,zero,0.7394999861717224,5709.23
1856,14,flatten,random_indep,3,32,zero,0.7833999991416931,5778.76
1857,14,flatten,random_indep,5,32,zero,0.8011999726295471,6309.38
1858,14,flatten,random_indep,7,32,zero,0.8019999861717224,6421.34
1859,14,flatten,random_indep,9,32,zero,0.7983999848365784,6859.64
1860,14,flatten,random_indep,15,32,zero,0.8070999979972839,7752.91
1861,14,flatten,random_indep,21,32,zero,0.8126999735832214,8389.55
1862,14,flatten,random_indep,1,32,random_fixed,0.7505000233650208,5698.51
1863,14,flatten,random_indep,3,32,random_fixed,0.7764999866485596,5929.92
1864,14,flatten,random_indep,5,32,random_fixed,0.7940000295639038,6220.0
1865,14,flatten,random_indep,7,32,random_fixed,0.8019999861717224,6446.58
1866,14,flatten,random_indep,9,32,random_fixed,0.801800012588501,6809.16
1867,14,flatten,random_indep,15,32,random_fixed,0.8151000142097473,7741.69
1868,14,flatten,random_indep,21,32,random_fixed,0.8133000135421753,8381.77
1869,14,flatten,random_indep,1,32,random_indep,0.7567999958992004,5769.1
1870,14,flatten,random_indep,3,32,random_indep,0.7847999930381775,5583.37
1871,14,flatten,random_indep,5,32,random_indep,0.7930999994277954,6361.02
1872,14,flatten,random_indep,7,32,random_indep,0.798799991607666,6641.56
1873,14,flatten,random_indep,9,32,random_indep,0.8048999905586243,6564.63
1874,14,flatten,random_indep,15,32,random_indep,0.8076000213623047,7755.05
1875,14,flatten,random_indep,21,32,random_indep,0.8112999796867371,7948.19
1876,14,pauli,be,1,2,zero,0.38530001044273376,402.49
1877,14,pauli,be,3,2,zero,0.3792000114917755,418.14
1878,14,pauli,be,5,2,zero,0.4194999933242798,439.19
1879,14,pauli,be,7,2,zero,0.4300000071525574,466.65
1880,14,pauli,be,9,2,zero,0.35339999198913574,486.32
1881,14,pauli,be,15,2,zero,0.4180000126361847,535.12
1882,14,pauli,be,21,2,zero,0.42309999465942383,546.35
1883,14,pauli,be,1,2,random_fixed,0.3379000127315521,402.53
1884,14,pauli,be,3,2,random_fixed,0.25040000677108765,422.48
1885,14,pauli,be,5,2,random_fixed,0.3628999888896942,415.5
1886,14,pauli,be,7,2,random_fixed,0.3434000015258789,459.69
1887,14,pauli,be,9,2,random_fixed,0.34709998965263367,477.83
1888,14,pauli,be,15,2,random_fixed,0.35179999470710754,535.97
1889,14,pauli,be,21,2,random_fixed,0.28450000286102295,589.09
1890,14,pauli,be,1,2,random_indep,0.34040001034736633,401.29
1891,14,pauli,be,3,2,random_indep,0.2842999994754791,420.22
1892,14,pauli,be,5,2,random_indep,0.32519999146461487,413.91
1893,14,pauli,be,7,2,random_indep,0.48539999127388,348.72
1894,14,pauli,be,9,2,random_indep,0.4036000072956085,303.15
1895,14,pauli,be,15,2,random_indep,0.4081000089645386,482.91
1896,14,pauli,be,21,2,random_indep,0.36250001192092896,535.45
1897,14,pauli,be,1,4,zero,0.5029000043869019,720.52
1898,14,pauli,be,3,4,zero,0.5648000240325928,790.23
1899,14,pauli,be,5,4,zero,0.6046000123023987,823.61
1900,14,pauli,be,7,4,zero,0.5740000009536743,827.57
1901,14,pauli,be,9,4,zero,0.5604000091552734,907.52
1902,14,pauli,be,15,4,zero,0.5976999998092651,1014.44
1903,14,pauli,be,21,4,zero,0.5982999801635742,1133.11
1904,14,pauli,be,1,4,random_fixed,0.4122999906539917,724.75
1905,14,pauli,be,3,4,random_fixed,0.4343999922275543,794.53
1906,14,pauli,be,5,4,random_fixed,0.45509999990463257,823.03
1907,14,pauli,be,7,4,random_fixed,0.49630001187324524,865.67
1908,14,pauli,be,9,4,random_fixed,0.5109999775886536,896.28
1909,14,pauli,be,15,4,random_fixed,0.5242000222206116,960.05
1910,14,pauli,be,21,4,random_fixed,0.5029000043869019,1140.23
1911,14,pauli,be,1,4,random_indep,0.5239999890327454,738.01
1912,14,pauli,be,3,4,random_indep,0.5037999749183655,802.88
1913,14,pauli,be,5,4,random_indep,0.5575000047683716,834.31
1914,14,pauli,be,7,4,random_indep,0.5866000056266785,895.83
1915,14,pauli,be,9,4,random_indep,0.5529999732971191,929.35
1916,14,pauli,be,15,4,random_indep,0.5795000195503235,1043.85
1917,14,pauli,be,21,4,random_indep,0.5600000023841858,1074.94
1918,14,pauli,be,1,8,zero,0.6427000164985657,1284.52
1919,14,pauli,be,3,8,zero,0.6937999725341797,1530.32
1920,14,pauli,be,5,8,zero,0.6883000135421753,1609.23
1921,14,pauli,be,7,8,zero,0.715399980545044,1695.27
1922,14,pauli,be,9,8,zero,0.6988000273704529,1775.24
1923,14,pauli,be,15,8,zero,0.7031999826431274,1693.2
1924,14,pauli,be,21,8,zero,0.6887999773025513,2143.28
1925,14,pauli,be,1,8,random_fixed,0.5446000099182129,1471.33
1926,14,pauli,be,3,8,random_fixed,0.5771999955177307,1426.43
1927,14,pauli,be,5,8,random_fixed,0.6342999935150146,1469.05
1928,14,pauli,be,7,8,random_fixed,0.6574000120162964,1363.03
1929,14,pauli,be,9,8,random_fixed,0.6158999800682068,1733.57
1930,14,pauli,be,15,8,random_fixed,0.6266999840736389,1872.8
1931,14,pauli,be,21,8,random_fixed,0.638700008392334,2223.74
1932,14,pauli,be,1,8,random_indep,0.6402000188827515,1453.3
1933,14,pauli,be,3,8,random_indep,0.6452000141143799,1210.95
1934,14,pauli,be,5,8,random_indep,0.6510000228881836,1505.98
1935,14,pauli,be,7,8,random_indep,0.6398000121116638,1674.13
1936,14,pauli,be,9,8,random_indep,0.6793000102043152,1734.8
1937,14,pauli,be,15,8,random_indep,0.6664000153541565,1958.93
1938,14,pauli,be,21,8,random_indep,0.6690999865531921,2169.9
1939,14,pauli,be,1,16,zero,0.6888999938964844,2841.2
1940,14,pauli,be,3,16,zero,0.728600025177002,3024.53
1941,14,pauli,be,5,16,zero,0.7580000162124634,3141.8
1942,14,pauli,be,7,16,zero,0.7522000074386597,3243.46
1943,14,pauli,be,9,16,zero,0.7491000294685364,3414.86
1944,14,pauli,be,15,16,zero,0.7537000179290771,3383.21
1945,14,pauli,be,21,16,zero,0.7562000155448914,4200.3
1946,14,pauli,be,1,16,random_fixed,0.6319000124931335,2433.94
1947,14,pauli,be,3,16,random_fixed,0.6782000064849854,2908.62
1948,14,pauli,be,5,16,random_fixed,0.699400007724762,2454.34
1949,14,pauli,be,7,16,random_fixed,0.7092000246047974,2919.99
1950,14,pauli,be,9,16,random_fixed,0.7199000120162964,3077.43
1951,14,pauli,be,15,16,random_fixed,0.7078999876976013,3550.24
1952,14,pauli,be,21,16,random_fixed,0.6988999843597412,4218.62
1953,14,pauli,be,1,16,random_indep,0.7080000042915344,2224.98
1954,14,pauli,be,3,16,random_indep,0.7275999784469604,2328.22
1955,14,pauli,be,5,16,random_indep,0.7412999868392944,2551.69
1956,14,pauli,be,7,16,random_indep,0.7315999865531921,3301.42
1957,14,pauli,be,9,16,random_indep,0.7454000115394592,3300.56
1958,14,pauli,be,15,16,random_indep,0.7497000098228455,3711.92
1959,14,pauli,be,21,16,random_indep,0.7419000267982483,4290.0
1960,14,pauli,be,1,32,zero,0.7336999773979187,5672.57
1961,14,pauli,be,3,32,zero,0.7870000004768372,5427.49
1962,14,pauli,be,5,32,zero,0.7907000184059143,6302.32
1963,14,pauli,be,7,32,zero,0.7914000153541565,6656.35
1964,14,pauli,be,9,32,zero,0.7918000221252441,6975.35
1965,14,pauli,be,15,32,zero,0.7922000288963318,7882.23
1966,14,pauli,be,21,32,zero,0.7971000075340271,8649.41
1967,14,pauli,be,1,32,random_fixed,0.6960999965667725,5557.03
1968,14,pauli,be,3,32,random_fixed,0.7383000254631042,6021.49
1969,14,pauli,be,5,32,random_fixed,0.7558000087738037,6356.67
1970,14,pauli,be,7,32,random_fixed,0.7594000101089478,6741.46
1971,14,pauli,be,9,32,random_fixed,0.767300009727478,6804.04
1972,14,pauli,be,15,32,random_fixed,0.7595999836921692,7723.59
1973,14,pauli,be,21,32,random_fixed,0.7574999928474426,8920.7
1974,14,pauli,be,1,32,random_indep,0.7502999901771545,5631.96
1975,14,pauli,be,3,32,random_indep,0.7757999897003174,5799.45
1976,14,pauli,be,5,32,random_indep,0.7911999821662903,6264.85
1977,14,pauli,be,7,32,random_indep,0.7897999882698059,6385.68
1978,14,pauli,be,9,32,random_indep,0.79339998960495,6510.81
1979,14,pauli,be,15,32,random_indep,0.7896999716758728,6775.57
1980,14,pauli,be,21,32,random_indep,0.7872999906539917,8106.56
1981,14,pauli,se,1,2,zero,0.4189000129699707,354.4
1982,14,pauli,se,3,2,zero,0.5303999781608582,449.76
1983,14,pauli,se,5,2,zero,0.5586000084877014,535.44
1984,14,pauli,se,7,2,zero,0.5493000149726868,508.67
1985,14,pauli,se,1,2,random_fixed,0.4390999972820282,446.81
1986,14,pauli,se,3,2,random_fixed,0.571399986743927,343.86
1987,14,pauli,se,5,2,random_fixed,0.5756000280380249,545.1
1988,14,pauli,se,7,2,random_fixed,0.5699999928474426,532.34
1989,14,pauli,se,1,2,random_indep,0.5277000069618225,487.33
1990,14,pauli,se,3,2,random_indep,0.5681999921798706,467.67
1991,14,pauli,se,5,2,random_indep,0.5310999751091003,585.97
1992,14,pauli,se,7,2,random_indep,0.572700023651123,626.46
1993,14,pauli,se,1,4,zero,0.6219000220298767,910.4
1994,14,pauli,se,3,4,zero,0.6991000175476074,1007.55
1995,14,pauli,se,5,4,zero,0.6938999891281128,821.87
1996,14,pauli,se,7,4,zero,0.7117000222206116,1203.88
1997,14,pauli,se,1,4,random_fixed,0.6363000273704529,926.02
1998,14,pauli,se,3,4,random_fixed,0.7032999992370605,1022.78
1999,14,pauli,se,5,4,random_fixed,0.7071999907493591,1116.83
2000,14,pauli,se,7,4,random_fixed,0.6930999755859375,1224.58
2001,14,pauli,se,1,4,random_indep,0.6280999779701233,852.0
2002,14,pauli,se,3,4,random_indep,0.6819999814033508,974.96
2003,14,pauli,se,5,4,random_indep,0.7107999920845032,1086.11
2004,14,pauli,se,7,4,random_indep,0.6965000033378601,1111.62
2005,14,pauli,se,1,8,zero,0.7049000263214111,1696.57
2006,14,pauli,se,3,8,zero,0.7473000288009644,1643.61
2007,14,pauli,se,5,8,zero,0.7634999752044678,1697.97
2008,14,pauli,se,7,8,zero,0.7597000002861023,2138.03
2009,14,pauli,se,1,8,random_fixed,0.7081000208854675,1674.99
2010,14,pauli,se,3,8,random_fixed,0.7560999989509583,1762.44
2011,14,pauli,se,5,8,random_fixed,0.7631000280380249,1907.8
2012,14,pauli,se,7,8,random_fixed,0.762499988079071,2086.77
2013,14,pauli,se,1,8,random_indep,0.7084000110626221,1649.88
2014,14,pauli,se,3,8,random_indep,0.7541999816894531,1940.99
2015,14,pauli,se,5,8,random_indep,0.7569000124931335,1812.31
2016,14,pauli,se,7,8,random_indep,0.7577000260353088,2397.89
2017,14,pauli,se,1,16,zero,0.7440999746322632,2869.64
2018,14,pauli,se,3,16,zero,0.7839999794960022,3964.76
2019,14,pauli,se,5,16,zero,0.7979999780654907,3934.53
2020,14,pauli,se,7,16,zero,0.8026000261306763,4764.33
2021,14,pauli,se,1,16,random_fixed,0.7493000030517578,3574.1
2022,14,pauli,se,3,16,random_fixed,0.7914000153541565,4032.15
2023,14,pauli,se,5,16,random_fixed,0.8004000186920166,4414.18
2024,14,pauli,se,7,16,random_fixed,0.7993999719619751,4787.76
2025,14,pauli,se,1,16,random_indep,0.7513999938964844,3606.8
2026,14,pauli,se,3,16,random_indep,0.7889999747276306,3563.9
2027,14,pauli,se,5,16,random_indep,0.794700026512146,3979.82
2028,14,pauli,se,7,16,random_indep,0.7997000217437744,4815.35
2029,14,pauli,se,1,32,zero,0.776199996471405,7207.34
2030,14,pauli,se,3,32,zero,0.8065000176429749,7905.72
2031,14,pauli,se,5,32,zero,0.8152999877929688,8640.84
2032,14,pauli,se,7,32,zero,0.8185999989509583,7958.28
2033,14,pauli,se,1,32,random_fixed,0.791100025177002,6647.66
2034,14,pauli,se,3,32,random_fixed,0.8119999766349792,7360.9
2035,14,pauli,se,5,32,random_fixed,0.8180999755859375,8296.82
2036,14,pauli,se,7,32,random_fixed,0.8238999843597412,8917.39
2037,14,pauli,se,1,32,random_indep,0.7903000116348267,6703.13
2038,14,pauli,se,3,32,random_indep,0.8102999925613403,7451.42
2039,14,pauli,se,5,32,random_indep,0.8191999793052673,8352.38
2040,14,pauli,se,7,32,random_indep,0.8194000124931335,9089.32
2041,14,pauli,random,1,2,zero,0.3154999911785126,400.18
2042,14,pauli,random,3,2,zero,0.4453999996185303,380.99
2043,14,pauli,random,5,2,zero,0.5115000009536743,440.98
2044,14,pauli,random,7,2,zero,0.5626000165939331,293.37
2045,14,pauli,random,9,2,zero,0.548799991607666,482.92
2046,14,pauli,random,15,2,zero,0.5454999804496765,471.03
2047,14,pauli,random,21,2,zero,0.5730999708175659,591.93
2048,14,pauli,random,1,2,random_fixed,0.3815999925136566,405.07
2049,14,pauli,random,3,2,random_fixed,0.43320000171661377,417.18
2050,14,pauli,random,5,2,random_fixed,0.5493999719619751,435.82
2051,14,pauli,random,7,2,random_fixed,0.5638999938964844,455.77
2052,14,pauli,random,9,2,random_fixed,0.5720000267028809,480.34
2053,14,pauli,random,15,2,random_fixed,0.527899980545044,518.11
2054,14,pauli,random,21,2,random_fixed,0.5703999996185303,584.51
2055,14,pauli,random,1,2,random_indep,0.4171999990940094,395.69
2056,14,pauli,random,3,2,random_indep,0.4765999913215637,419.03
2057,14,pauli,random,5,2,random_indep,0.5360000133514404,433.24
2058,14,pauli,random,7,2,random_indep,0.5623000264167786,457.81
2059,14,pauli,random,9,2,random_indep,0.5486000180244446,414.27
2060,14,pauli,random,15,2,random_indep,0.5605999827384949,415.36
2061,14,pauli,random,21,2,random_indep,0.5723000168800354,589.75
2062,14,pauli,random,1,4,zero,0.5411999821662903,624.43
2063,14,pauli,random,3,4,zero,0.5782999992370605,766.76
2064,14,pauli,random,5,4,zero,0.677299976348877,735.74
2065,14,pauli,random,7,4,zero,0.6800000071525574,816.37
2066,14,pauli,random,9,4,zero,0.6980999708175659,689.35
2067,14,pauli,random,15,4,zero,0.6991000175476074,953.63
2068,14,pauli,random,21,4,zero,0.7063999772071838,1051.17
2069,14,pauli,random,1,4,random_fixed,0.5192000269889832,660.92
2070,14,pauli,random,3,4,random_fixed,0.5960000157356262,711.46
2071,14,pauli,random,5,4,random_fixed,0.6614999771118164,709.55
2072,14,pauli,random,7,4,random_fixed,0.6963000297546387,862.39
2073,14,pauli,random,9,4,random_fixed,0.6985999941825867,688.17
2074,14,pauli,random,15,4,random_fixed,0.7064999938011169,1019.56
2075,14,pauli,random,21,4,random_fixed,0.7053999900817871,818.18
2076,14,pauli,random,1,4,random_indep,0.5501999855041504,669.54
2077,14,pauli,random,3,4,random_indep,0.6139000058174133,631.21
2078,14,pauli,random,5,4,random_indep,0.6707000136375427,827.45
2079,14,pauli,random,7,4,random_indep,0.6905999779701233,875.32
2080,14,pauli,random,9,4,random_indep,0.6899999976158142,905.3
2081,14,pauli,random,15,4,random_indep,0.7010999917984009,1032.52
2082,14,pauli,random,21,4,random_indep,0.7031999826431274,1123.47
2083,14,pauli,random,1,8,zero,0.5748999714851379,1454.01
2084,14,pauli,random,3,8,zero,0.7024000287055969,1429.21
2085,14,pauli,random,5,8,zero,0.7279000282287598,1620.92
2086,14,pauli,random,7,8,zero,0.7390999794006348,1696.46
2087,14,pauli,random,9,8,zero,0.7562999725341797,1784.05
2088,14,pauli,random,15,8,zero,0.7628999948501587,1566.98
2089,14,pauli,random,21,8,zero,0.757099986076355,2068.54
2090,14,pauli,random,1,8,random_fixed,0.6385999917984009,1122.9
2091,14,pauli,random,3,8,random_fixed,0.683899998664856,1446.25
2092,14,pauli,random,5,8,random_fixed,0.7315000295639038,1561.73
2093,14,pauli,random,7,8,random_fixed,0.7554000020027161,1479.34
2094,14,pauli,random,9,8,random_fixed,0.7613999843597412,1738.28
2095,14,pauli,random,15,8,random_fixed,0.7545999884605408,1554.3
2096,14,pauli,random,21,8,random_fixed,0.753600001335144,2023.6
2097,14,pauli,random,1,8,random_indep,0.6735000014305115,1386.6
2098,14,pauli,random,3,8,random_indep,0.7132999897003174,1500.89
2099,14,pauli,random,5,8,random_indep,0.7275999784469604,1567.74
2100,14,pauli,random,7,8,random_indep,0.7508000135421753,1638.2
2101,14,pauli,random,9,8,random_indep,0.7529000043869019,1457.9
2102,14,pauli,random,15,8,random_indep,0.7569000124931335,1295.56
2103,14,pauli,random,21,8,random_indep,0.7663999795913696,2175.57
2104,14,pauli,random,1,16,zero,0.6327000260353088,2803.93
2105,14,pauli,random,3,16,zero,0.7506999969482422,2977.95
2106,14,pauli,random,5,16,zero,0.7738999724388123,2804.07
2107,14,pauli,random,7,16,zero,0.7827000021934509,3154.63
2108,14,pauli,random,9,16,zero,0.7903000116348267,3448.05
2109,14,pauli,random,15,16,zero,0.7972999811172485,3614.12
2110,14,pauli,random,21,16,zero,0.796500027179718,4337.78
2111,14,pauli,random,1,16,random_fixed,0.6818000078201294,2523.21
2112,14,pauli,random,3,16,random_fixed,0.746999979019165,2810.82
2113,14,pauli,random,5,16,random_fixed,0.7710000276565552,2944.18
2114,14,pauli,random,7,16,random_fixed,0.7861999869346619,3078.25
2115,14,pauli,random,9,16,random_fixed,0.7872999906539917,2748.14
2116,14,pauli,random,15,16,random_fixed,0.7925000190734863,3783.59
2117,14,pauli,random,21,16,random_fixed,0.7953000068664551,3727.68
2118,14,pauli,random,1,16,random_indep,0.7016000151634216,1967.39
2119,14,pauli,random,3,16,random_indep,0.7526999711990356,2651.89
2120,14,pauli,random,5,16,random_indep,0.7788000106811523,3017.63
2121,14,pauli,random,7,16,random_indep,0.7847999930381775,3107.74
2122,14,pauli,random,9,16,random_indep,0.7922999858856201,3417.38
2123,14,pauli,random,15,16,random_indep,0.7955999970436096,2889.05
2124,14,pauli,random,21,16,random_indep,0.7978000044822693,2638.2
2125,14,pauli,random,1,32,zero,0.6621999740600586,3690.57
2126,14,pauli,random,3,32,zero,0.7795000076293945,4336.8
2127,14,pauli,random,5,32,zero,0.800599992275238,4804.85
2128,14,pauli,random,7,32,zero,0.8077999949455261,4131.87
2129,14,pauli,random,9,32,zero,0.8137000203132629,4343.69
2130,14,pauli,random,15,32,zero,0.8159000277519226,6515.65
2131,14,pauli,random,21,32,zero,0.820900022983551,8473.39
2132,14,pauli,random,1,32,random_fixed,0.7355999946594238,5510.33
2133,14,pauli,random,3,32,random_fixed,0.785099983215332,5608.02
2134,14,pauli,random,5,32,random_fixed,0.7975000143051147,6090.29
2135,14,pauli,random,7,32,random_fixed,0.8075000047683716,6428.35
2136,14,pauli,random,9,32,random_fixed,0.8147000074386597,6854.51
2137,14,pauli,random,15,32,random_fixed,0.8133000135421753,6573.64
2138,14,pauli,random,21,32,random_fixed,0.8183000087738037,8481.94
2139,14,pauli,random,1,32,random_indep,0.7621999979019165,5702.25
2140,14,pauli,random,3,32,random_indep,0.7856000065803528,5758.43
2141,14,pauli,random,5,32,random_indep,0.8059999942779541,6256.64
2142,14,pauli,random,7,32,random_indep,0.8084999918937683,6275.14
2143,14,pauli,random,9,32,random_indep,0.8097000122070312,6898.04
2144,14,pauli,random,15,32,random_indep,0.8159999847412109,7264.55
2145,14,pauli,random,21,32,random_indep,0.8220999836921692,8118.71
2146,14,pauli,random_indep,1,2,zero,0.33869999647140503,313.16
2147,14,pauli,random_indep,3,2,zero,0.49000000953674316,375.34
2148,14,pauli,random_indep,5,2,zero,0.4587000012397766,363.94
2149,14,pauli,random_indep,7,2,zero,0.5338000059127808,422.72
2150,14,pauli,random_indep,9,2,zero,0.5232999920845032,462.2
2151,14,pauli,random_indep,15,2,zero,0.5752999782562256,414.88
2152,14,pauli,random_indep,21,2,zero,0.5726000070571899,581.82
2153,14,pauli,random_indep,1,2,random_fixed,0.3483999967575073,395.08
2154,14,pauli,random_indep,3,2,random_fixed,0.4765999913215637,418.76
2155,14,pauli,random_indep,5,2,random_fixed,0.5460000038146973,431.29
2156,14,pauli,random_indep,7,2,random_fixed,0.5069000124931335,285.96
2157,14,pauli,random_indep,9,2,random_fixed,0.5641000270843506,471.1
2158,14,pauli,random_indep,15,2,random_fixed,0.5742999911308289,529.09
2159,14,pauli,random_indep,21,2,random_fixed,0.5710999965667725,590.35
2160,14,pauli,random_indep,1,2,random_indep,0.34439998865127563,395.04
2161,14,pauli,random_indep,3,2,random_indep,0.44850000739097595,325.33
2162,14,pauli,random_indep,5,2,random_indep,0.45170000195503235,434.47
2163,14,pauli,random_indep,7,2,random_indep,0.5266000032424927,456.02
2164,14,pauli,random_indep,9,2,random_indep,0.5569999814033508,474.14
2165,14,pauli,random_indep,15,2,random_indep,0.5576000213623047,472.19
2166,14,pauli,random_indep,21,2,random_indep,0.5618000030517578,586.14
2167,14,pauli,random_indep,1,4,zero,0.4348999857902527,514.41
2168,14,pauli,random_indep,3,4,zero,0.6240000128746033,761.56
2169,14,pauli,random_indep,5,4,zero,0.6255999803543091,800.13
2170,14,pauli,random_indep,7,4,zero,0.6536999940872192,770.67
2171,14,pauli,random_indep,9,4,zero,0.6642000079154968,815.49
2172,14,pauli,random_indep,15,4,zero,0.7013999819755554,1005.24
2173,14,pauli,random_indep,21,4,zero,0.6934999823570251,694.0
2174,14,pauli,random_indep,1,4,random_fixed,0.5349000096321106,603.45
2175,14,pauli,random_indep,3,4,random_fixed,0.6021999716758728,790.44
2176,14,pauli,random_indep,5,4,random_fixed,0.6464999914169312,804.97
2177,14,pauli,random_indep,7,4,random_fixed,0.6771000027656555,862.97
2178,14,pauli,random_indep,9,4,random_fixed,0.682200014591217,895.54
2179,14,pauli,random_indep,15,4,random_fixed,0.70169997215271,850.33
2180,14,pauli,random_indep,21,4,random_fixed,0.7039999961853027,1120.31
2181,14,pauli,random_indep,1,4,random_indep,0.48570001125335693,580.07
2182,14,pauli,random_indep,3,4,random_indep,0.6026999950408936,495.41
2183,14,pauli,random_indep,5,4,random_indep,0.6669999957084656,521.15
2184,14,pauli,random_indep,7,4,random_indep,0.6650999784469604,541.96
2185,14,pauli,random_indep,9,4,random_indep,0.6797000169754028,557.43
2186,14,pauli,random_indep,15,4,random_indep,0.7038000226020813,632.54
2187,14,pauli,random_indep,21,4,random_indep,0.7075999975204468,681.07
2188,14,pauli,random_indep,1,8,zero,0.670199990272522,1350.4
2189,14,pauli,random_indep,3,8,zero,0.7125999927520752,1248.85
2190,14,pauli,random_indep,5,8,zero,0.7268999814987183,1338.05
2191,14,pauli,random_indep,7,8,zero,0.728600025177002,1502.01
2192,14,pauli,random_indep,9,8,zero,0.7200999855995178,1291.38
2193,14,pauli,random_indep,15,8,zero,0.7591000199317932,1210.56
2194,14,pauli,random_indep,21,8,zero,0.762499988079071,2183.98
2195,14,pauli,random_indep,1,8,random_fixed,0.6121000051498413,1319.37
2196,14,pauli,random_indep,3,8,random_fixed,0.6952000260353088,1280.62
2197,14,pauli,random_indep,5,8,random_fixed,0.7235000133514404,1489.81
2198,14,pauli,random_indep,7,8,random_fixed,0.7405999898910522,1433.16
2199,14,pauli,random_indep,9,8,random_fixed,0.744700014591217,1687.63
2200,14,pauli,random_indep,15,8,random_fixed,0.7542999982833862,1953.93
2201,14,pauli,random_indep,21,8,random_fixed,0.7649999856948853,2103.16
2202,14,pauli,random_indep,1,8,random_indep,0.5968999862670898,1215.64
2203,14,pauli,random_indep,3,8,random_indep,0.7096999883651733,1423.27
2204,14,pauli,random_indep,5,8,random_indep,0.7293000221252441,1053.23
2205,14,pauli,random_indep,7,8,random_indep,0.7457000017166138,1620.22
2206,14,pauli,random_indep,9,8,random_indep,0.7397000193595886,1275.42
2207,14,pauli,random_indep,15,8,random_indep,0.7477999925613403,1899.98
2208,14,pauli,random_indep,21,8,random_indep,0.7594000101089478,2143.88
2209,14,pauli,random_indep,1,16,zero,0.6976000070571899,2615.76
2210,14,pauli,random_indep,3,16,zero,0.7469000220298767,2232.04
2211,14,pauli,random_indep,5,16,zero,0.770799994468689,1901.1
2212,14,pauli,random_indep,7,16,zero,0.7760000228881836,3157.06
2213,14,pauli,random_indep,9,16,zero,0.7810999751091003,3370.06
2214,14,pauli,random_indep,15,16,zero,0.7936999797821045,3818.14
2215,14,pauli,random_indep,21,16,zero,0.7980999946594238,4024.64
2216,14,pauli,random_indep,1,16,random_fixed,0.7057999968528748,2842.1
2217,14,pauli,random_indep,3,16,random_fixed,0.7513999938964844,2767.16
2218,14,pauli,random_indep,5,16,random_fixed,0.766700029373169,2755.86
2219,14,pauli,random_indep,7,16,random_fixed,0.7766000032424927,2435.91
2220,14,pauli,random_indep,9,16,random_fixed,0.7907999753952026,2095.37
2221,14,pauli,random_indep,15,16,random_fixed,0.795799970626831,3865.58
2222,14,pauli,random_indep,21,16,random_fixed,0.8014000058174133,2593.01
2223,14,pauli,random_indep,1,16,random_indep,0.7049000263214111,2646.04
2224,14,pauli,random_indep,3,16,random_indep,0.7638999819755554,2998.14
2225,14,pauli,random_indep,5,16,random_indep,0.7728000283241272,3059.29
2226,14,pauli,random_indep,7,16,random_indep,0.784500002861023,2937.05
2227,14,pauli,random_indep,9,16,random_indep,0.7842000126838684,2813.14
2228,14,pauli,random_indep,15,16,random_indep,0.7972000241279602,3592.09
2229,14,pauli,random_indep,21,16,random_indep,0.8003000020980835,3629.54
2230,14,pauli,random_indep,1,32,zero,0.7373999953269958,3340.73
2231,14,pauli,random_indep,3,32,zero,0.7907999753952026,3619.41
2232,14,pauli,random_indep,5,32,zero,0.7979999780654907,5715.86
2233,14,pauli,random_indep,7,32,zero,0.8021000027656555,3861.11
2234,14,pauli,random_indep,9,32,zero,0.8082000017166138,3986.01
2235,14,pauli,random_indep,15,32,zero,0.8130000233650208,4299.28
2236,14,pauli,random_indep,21,32,zero,0.8187999725341797,5648.95
2237,14,pauli,random_indep,1,32,random_fixed,0.7623000144958496,4236.54
2238,14,pauli,random_indep,3,32,random_fixed,0.785099983215332,4470.35
2239,14,pauli,random_indep,5,32,random_fixed,0.8047000169754028,3857.59
2240,14,pauli,random_indep,7,32,random_fixed,0.8069999814033508,3982.42
2241,14,pauli,random_indep,9,32,random_fixed,0.8108000159263611,6881.81
2242,14,pauli,random_indep,15,32,random_fixed,0.8145999908447266,7510.16
2243,14,pauli,random_indep,21,32,random_fixed,0.8174999952316284,8112.09
2244,14,pauli,random_indep,1,32,random_indep,0.7534000277519226,5095.47
2245,14,pauli,random_indep,3,32,random_indep,0.7926999926567078,3645.31
2246,14,pauli,random_indep,5,32,random_indep,0.7978000044822693,5313.58
2247,14,pauli,random_indep,7,32,random_indep,0.8076000213623047,5643.68
2248,14,pauli,random_indep,9,32,random_indep,0.809499979019165,4762.31
2249,14,pauli,random_indep,15,32,random_indep,0.8181999921798706,5171.43
2250,14,pauli,random_indep,21,32,random_indep,0.8190000057220459,5245.77
