run_id,seed,representation,ansatz,depth,K,init_state,test_accuracy,runtime_sec
1,42,flatten,be,1,2,zero,0.352400004863739,335.76
2,42,flatten,be,3,2,zero,0.42089998722076416,386.1
3,42,flatten,be,5,2,zero,0.42309999465942383,406.16
4,42,flatten,be,7,2,zero,0.41940000653266907,417.86
5,42,flatten,be,9,2,zero,0.4397999942302704,441.56
6,42,flatten,be,15,2,zero,0.36550000309944153,510.11
7,42,flatten,be,21,2,zero,0.4544000029563904,566.32
8,42,flatten,be,1,2,random_fixed,0.30070000886917114,368.75
9,42,flatten,be,3,2,random_fixed,0.40450000762939453,385.37
10,42,flatten,be,5,2,random_fixed,0.38600000739097595,406.55
11,42,flatten,be,7,2,random_fixed,0.4343000054359436,424.63
12,42,flatten,be,9,2,random_fixed,0.42489999532699585,443.44
13,42,flatten,be,15,2,random_fixed,0.3659999966621399,499.58
14,42,flatten,be,21,2,random_fixed,0.4399999976158142,559.72
15,42,flatten,be,1,2,random_indep,0.3693000078201294,373.24
16,42,flatten,be,3,2,random_indep,0.37040001153945923,385.07
17,42,flatten,be,5,2,random_indep,0.4287000000476837,414.19
18,42,flatten,be,7,2,random_indep,0.41350001096725464,420.69
19,42,flatten,be,9,2,random_indep,0.4041999876499176,415.72
20,42,flatten,be,15,2,random_indep,0.4359000027179718,497.82
21,42,flatten,be,21,2,random_indep,0.39239999651908875,560.74
22,42,flatten,be,1,4,zero,0.4943999946117401,685.92
23,42,flatten,be,3,4,zero,0.5799999833106995,725.8
24,42,flatten,be,5,4,zero,0.6442999839782715,755.31
25,42,flatten,be,7,4,zero,0.6801000237464905,805.94
26,42,flatten,be,9,4,zero,0.6730999946594238,846.46
27,42,flatten,be,15,4,zero,0.6905999779701233,941.57
28,42,flatten,be,21,4,zero,0.6887999773025513,1074.45
29,42,flatten,be,1,4,random_fixed,0.4438000023365021,580.99
30,42,flatten,be,3,4,random_fixed,0.5052000284194946,670.62
31,42,flatten,be,5,4,random_fixed,0.616599977016449,748.7
32,42,flatten,be,7,4,random_fixed,0.6340000033378601,671.09
33,42,flatten,be,9,4,random_fixed,0.6712999939918518,841.87
34,42,flatten,be,15,4,random_fixed,0.5422999858856201,945.16
35,42,flatten,be,21,4,random_fixed,0.6068000197410583,1070.03
36,42,flatten,be,1,4,random_indep,0.48330000042915344,685.19
37,42,flatten,be,3,4,random_indep,0.6331999897956848,733.16
38,42,flatten,be,5,4,random_indep,0.630299985408783,763.46
39,42,flatten,be,7,4,random_indep,0.6466000080108643,801.52
40,42,flatten,be,9,4,random_indep,0.6355000138282776,836.66
41,42,flatten,be,15,4,random_indep,0.6097000241279602,945.39
42,42,flatten,be,21,4,random_indep,0.6079000234603882,1075.34
43,42,flatten,be,1,8,zero,0.6607000231742859,1332.62
44,42,flatten,be,3,8,zero,0.7522000074386597,1403.15
45,42,flatten,be,5,8,zero,0.8047000169754028,1305.3
46,42,flatten,be,7,8,zero,0.7937999963760376,1563.32
47,42,flatten,be,9,8,zero,0.7839000225067139,1621.51
48,42,flatten,be,15,8,zero,0.8087000250816345,1867.09
49,42,flatten,be,21,8,zero,0.8033000230789185,1878.77
50,42,flatten,be,1,8,random_fixed,0.6040999889373779,1341.81
51,42,flatten,be,3,8,random_fixed,0.7408000230789185,1423.57
52,42,flatten,be,5,8,random_fixed,0.7685999870300293,1483.79
53,42,flatten,be,7,8,random_fixed,0.7778000235557556,1318.27
54,42,flatten,be,9,8,random_fixed,0.7843000292778015,1658.93
55,42,flatten,be,15,8,random_fixed,0.7623000144958496,1800.28
56,42,flatten,be,21,8,random_fixed,0.7706999778747559,2102.27
57,42,flatten,be,1,8,random_indep,0.6297000050544739,1347.26
58,42,flatten,be,3,8,random_indep,0.7572000026702881,1407.26
59,42,flatten,be,5,8,random_indep,0.7778000235557556,1495.6
60,42,flatten,be,7,8,random_indep,0.7889000177383423,1604.24
61,42,flatten,be,9,8,random_indep,0.8094000220298767,1695.09
62,42,flatten,be,15,8,random_indep,0.7896000146865845,1843.02
63,42,flatten,be,21,8,random_indep,0.7921000123023987,2117.98
64,42,flatten,be,1,16,zero,0.7342000007629395,2735.33
65,42,flatten,be,3,16,zero,0.8528000116348267,2890.98
66,42,flatten,be,5,16,zero,0.8744999766349792,2848.95
67,42,flatten,be,7,16,zero,0.8754000067710876,3157.43
68,42,flatten,be,9,16,zero,0.875,3167.23
69,42,flatten,be,15,16,zero,0.8672000169754028,3780.13
70,42,flatten,be,21,16,zero,0.879800021648407,4126.28
71,42,flatten,be,1,16,random_fixed,0.7141000032424927,2646.98
72,42,flatten,be,3,16,random_fixed,0.8276000022888184,2875.75
73,42,flatten,be,5,16,random_fixed,0.8443999886512756,3042.55
74,42,flatten,be,7,16,random_fixed,0.8582000136375427,2972.21
75,42,flatten,be,9,16,random_fixed,0.8626000285148621,3335.23
76,42,flatten,be,15,16,random_fixed,0.8544999957084656,3721.15
77,42,flatten,be,21,16,random_fixed,0.8550999760627747,3998.7
78,42,flatten,be,1,16,random_indep,0.7914999723434448,2549.5
79,42,flatten,be,3,16,random_indep,0.8460999727249146,2578.72
80,42,flatten,be,5,16,random_indep,0.8604999780654907,3048.17
81,42,flatten,be,7,16,random_indep,0.8672999739646912,3160.63
82,42,flatten,be,9,16,random_indep,0.8702999949455261,3137.34
83,42,flatten,be,15,16,random_indep,0.8672999739646912,3460.31
84,42,flatten,be,21,16,random_indep,0.8683000206947327,4233.88
85,42,flatten,be,1,32,zero,0.8195000290870667,5422.69
86,42,flatten,be,3,32,zero,0.8949000239372253,5743.37
87,42,flatten,be,5,32,zero,0.8998000025749207,6002.38
88,42,flatten,be,7,32,zero,0.9009000062942505,6308.19
89,42,flatten,be,9,32,zero,0.9004999995231628,6639.75
90,42,flatten,be,15,32,zero,0.90420001745224,7416.03
91,42,flatten,be,21,32,zero,0.9046000242233276,8480.82
92,42,flatten,be,1,32,random_fixed,0.807699978351593,5513.27
93,42,flatten,be,3,32,random_fixed,0.8737000226974487,5691.69
94,42,flatten,be,5,32,random_fixed,0.8841000199317932,5961.77
95,42,flatten,be,7,32,random_fixed,0.8878999948501587,6159.13
96,42,flatten,be,9,32,random_fixed,0.895799994468689,6770.82
97,42,flatten,be,15,32,random_fixed,0.8885999917984009,7422.34
98,42,flatten,be,21,32,random_fixed,0.8959000110626221,8590.23
99,42,flatten,be,1,32,random_indep,0.8636999726295471,5333.94
100,42,flatten,be,3,32,random_indep,0.8916000127792358,5723.82
101,42,flatten,be,5,32,random_indep,0.8956000208854675,6125.71
102,42,flatten,be,7,32,random_indep,0.900600016117096,6333.07
103,42,flatten,be,9,32,random_indep,0.8992999792098999,6669.6
104,42,flatten,be,15,32,random_indep,0.8999999761581421,7678.48
105,42,flatten,be,21,32,random_indep,0.896399974822998,8726.94
106,42,flatten,se,1,2,zero,0.3278999924659729,465.36
107,42,flatten,se,3,2,zero,0.4830000102519989,504.51
108,42,flatten,se,5,2,zero,0.4943999946117401,533.11
109,42,flatten,se,7,2,zero,0.4797999858856201,595.1
110,42,flatten,se,1,2,random_fixed,0.4348999857902527,445.2
111,42,flatten,se,3,2,random_fixed,0.5055999755859375,500.79
112,42,flatten,se,5,2,random_fixed,0.4812999963760376,559.78
113,42,flatten,se,7,2,random_fixed,0.49149999022483826,600.0
114,42,flatten,se,1,2,random_indep,0.37610000371932983,461.56
115,42,flatten,se,3,2,random_indep,0.4320000112056732,503.0
116,42,flatten,se,5,2,random_indep,0.4932999908924103,551.98
117,42,flatten,se,7,2,random_indep,0.49309998750686646,603.3
118,42,flatten,se,1,4,zero,0.5877000093460083,863.21
119,42,flatten,se,3,4,zero,0.7512000203132629,987.8
120,42,flatten,se,5,4,zero,0.7294999957084656,1077.37
121,42,flatten,se,7,4,zero,0.7513999938964844,1174.41
122,42,flatten,se,1,4,random_fixed,0.5932999849319458,915.56
123,42,flatten,se,3,4,random_fixed,0.7038000226020813,997.47
124,42,flatten,se,5,4,random_fixed,0.7469000220298767,1052.76
125,42,flatten,se,7,4,random_fixed,0.7440000176429749,1184.68
126,42,flatten,se,1,4,random_indep,0.6140000224113464,844.49
127,42,flatten,se,3,4,random_indep,0.7512999773025513,992.25
128,42,flatten,se,5,4,random_indep,0.7353000044822693,1052.08
129,42,flatten,se,7,4,random_indep,0.7566999793052673,1190.47
130,42,flatten,se,1,8,zero,0.7060999870300293,1742.73
131,42,flatten,se,3,8,zero,0.8418999910354614,1918.69
132,42,flatten,se,5,8,zero,0.8485000133514404,2120.71
133,42,flatten,se,7,8,zero,0.8608999848365784,2276.3
134,42,flatten,se,1,8,random_fixed,0.7698000073432922,1495.43
135,42,flatten,se,3,8,random_fixed,0.8355000019073486,1644.6
136,42,flatten,se,5,8,random_fixed,0.8557000160217285,2017.75
137,42,flatten,se,7,8,random_fixed,0.8636000156402588,2358.56
138,42,flatten,se,1,8,random_indep,0.7644000053405762,1722.49
139,42,flatten,se,3,8,random_indep,0.8414999842643738,1827.61
140,42,flatten,se,5,8,random_indep,0.8589000105857849,2137.87
141,42,flatten,se,7,8,random_indep,0.8636000156402588,2369.27
142,42,flatten,se,1,16,zero,0.8176000118255615,3468.59
143,42,flatten,se,3,16,zero,0.888700008392334,3819.84
144,42,flatten,se,5,16,zero,0.9010999798774719,4317.69
145,42,flatten,se,7,16,zero,0.8989999890327454,4669.52
146,42,flatten,se,1,16,random_fixed,0.8557000160217285,3433.25
147,42,flatten,se,3,16,random_fixed,0.8946999907493591,3739.23
148,42,flatten,se,5,16,random_fixed,0.8937000036239624,4241.9
149,42,flatten,se,7,16,random_fixed,0.897599995136261,4660.68
150,42,flatten,se,1,16,random_indep,0.8485999703407288,3490.45
151,42,flatten,se,3,16,random_indep,0.8903999924659729,3907.55
152,42,flatten,se,5,16,random_indep,0.8986999988555908,4293.14
153,42,flatten,se,7,16,random_indep,0.8988999724388123,4705.52
154,42,flatten,se,1,32,zero,0.8691999912261963,6934.92
155,42,flatten,se,3,32,zero,0.9111999869346619,7604.13
156,42,flatten,se,5,32,zero,0.9140999913215637,8346.91
157,42,flatten,se,7,32,zero,0.9138000011444092,8824.21
158,42,flatten,se,1,32,random_fixed,0.8909000158309937,7069.13
159,42,flatten,se,3,32,random_fixed,0.9125000238418579,7417.41
160,42,flatten,se,5,32,random_fixed,0.9129999876022339,8484.42
161,42,flatten,se,7,32,random_fixed,0.9139000177383423,9049.6
162,42,flatten,se,1,32,random_indep,0.8888999819755554,7001.65
163,42,flatten,se,3,32,random_indep,0.9111999869346619,7696.82
164,42,flatten,se,5,32,random_indep,0.9142000079154968,8407.73
165,42,flatten,se,7,32,random_indep,0.9147999882698059,9097.48
166,42,flatten,random,1,2,zero,0.3025999963283539,362.69
167,42,flatten,random,3,2,zero,0.3321000039577484,401.81
168,42,flatten,random,5,2,zero,0.4059000015258789,409.77
169,42,flatten,random,7,2,zero,0.4505000114440918,326.26
170,42,flatten,random,9,2,zero,0.4733000099658966,456.76
171,42,flatten,random,15,2,zero,0.48350000381469727,483.5
172,42,flatten,random,21,2,zero,0.4952999949455261,523.0
173,42,flatten,random,1,2,random_fixed,0.28679999709129333,330.9
174,42,flatten,random,3,2,random_fixed,0.3822999894618988,400.46
175,42,flatten,random,5,2,random_fixed,0.4514999985694885,414.23
176,42,flatten,random,7,2,random_fixed,0.460099995136261,435.46
177,42,flatten,random,9,2,random_fixed,0.4668999910354614,462.56
178,42,flatten,random,15,2,random_fixed,0.4754999876022339,509.46
179,42,flatten,random,21,2,random_fixed,0.5120999813079834,576.76
180,42,flatten,random,1,2,random_indep,0.31929999589920044,397.3
181,42,flatten,random,3,2,random_indep,0.33820000290870667,410.94
182,42,flatten,random,5,2,random_indep,0.4140999913215637,419.4
183,42,flatten,random,7,2,random_indep,0.4424999952316284,439.64
184,42,flatten,random,9,2,random_indep,0.49070000648498535,363.9
185,42,flatten,random,15,2,random_indep,0.4555000066757202,516.06
186,42,flatten,random,21,2,random_indep,0.5121999979019165,570.44
187,42,flatten,random,1,4,zero,0.3366999924182892,737.47
188,42,flatten,random,3,4,zero,0.41780000925064087,765.01
189,42,flatten,random,5,4,zero,0.5751000046730042,721.47
190,42,flatten,random,7,4,zero,0.6776000261306763,843.78
191,42,flatten,random,9,4,zero,0.6942999958992004,868.77
192,42,flatten,random,15,4,zero,0.7452999949455261,955.7
193,42,flatten,random,21,4,zero,0.7642999887466431,1094.72
194,42,flatten,random,1,4,random_fixed,0.4569999873638153,642.14
195,42,flatten,random,3,4,random_fixed,0.5737000107765198,771.9
196,42,flatten,random,5,4,random_fixed,0.6571000218391418,798.01
197,42,flatten,random,7,4,random_fixed,0.6388000249862671,837.93
198,42,flatten,random,9,4,random_fixed,0.7233999967575073,877.06
199,42,flatten,random,15,4,random_fixed,0.7232999801635742,1004.86
200,42,flatten,random,21,4,random_fixed,0.7620999813079834,1098.21
201,42,flatten,random,1,4,random_indep,0.4453999996185303,714.05
202,42,flatten,random,3,4,random_indep,0.6069999933242798,677.11
203,42,flatten,random,5,4,random_indep,0.7121999859809875,804.73
204,42,flatten,random,7,4,random_indep,0.7103999853134155,838.12
205,42,flatten,random,9,4,random_indep,0.7394000291824341,876.76
206,42,flatten,random,15,4,random_indep,0.7148000001907349,993.71
207,42,flatten,random,21,4,random_indep,0.7519999742507935,1097.75
208,42,flatten,random,1,8,zero,0.4212999939918518,1443.35
209,42,flatten,random,3,8,zero,0.48919999599456787,1500.55
210,42,flatten,random,5,8,zero,0.7293999791145325,1600.26
211,42,flatten,random,7,8,zero,0.7937999963760376,1656.48
212,42,flatten,random,9,8,zero,0.8206999897956848,1731.25
213,42,flatten,random,15,8,zero,0.8532000184059143,1955.91
214,42,flatten,random,21,8,zero,0.8629000186920166,2138.24
215,42,flatten,random,1,8,random_fixed,0.6263999938964844,1375.7
216,42,flatten,random,3,8,random_fixed,0.753000020980835,1499.36
217,42,flatten,random,5,8,random_fixed,0.8141000270843506,1605.06
218,42,flatten,random,7,8,random_fixed,0.8264999985694885,1677.15
219,42,flatten,random,9,8,random_fixed,0.8266000151634216,1740.86
220,42,flatten,random,15,8,random_fixed,0.8592000007629395,1905.15
221,42,flatten,random,21,8,random_fixed,0.8622000217437744,2173.91
222,42,flatten,random,1,8,random_indep,0.6442000269889832,1449.23
223,42,flatten,random,3,8,random_indep,0.7603999972343445,1513.74
224,42,flatten,random,5,8,random_indep,0.7914999723434448,1559.53
225,42,flatten,random,7,8,random_indep,0.8295999765396118,1641.16
226,42,flatten,random,9,8,random_indep,0.8335999846458435,1675.76
227,42,flatten,random,15,8,random_indep,0.8478999733924866,1860.76
228,42,flatten,random,21,8,random_indep,0.8565000295639038,2142.43
229,42,flatten,random,1,16,zero,0.47940000891685486,2737.34
230,42,flatten,random,3,16,zero,0.5268999934196472,2905.91
231,42,flatten,random,5,16,zero,0.8334000110626221,3043.34
232,42,flatten,random,7,16,zero,0.8586999773979187,3202.75
233,42,flatten,random,9,16,zero,0.8866999745368958,3335.16
234,42,flatten,random,15,16,zero,0.8949000239372253,3417.34
235,42,flatten,random,21,16,zero,0.8952999711036682,4332.97
236,42,flatten,random,1,16,random_fixed,0.7267000079154968,2780.27
237,42,flatten,random,3,16,random_fixed,0.8445000052452087,2945.08
238,42,flatten,random,5,16,random_fixed,0.8790000081062317,3056.79
239,42,flatten,random,7,16,random_fixed,0.8880000114440918,3035.52
240,42,flatten,random,9,16,random_fixed,0.8881999850273132,3364.69
241,42,flatten,random,15,16,random_fixed,0.8967000246047974,3825.94
242,42,flatten,random,21,16,random_fixed,0.8999999761581421,4200.73
243,42,flatten,random,1,16,random_indep,0.7692000269889832,2805.08
244,42,flatten,random,3,16,random_indep,0.8562999963760376,2922.09
245,42,flatten,random,5,16,random_indep,0.866599977016449,3033.05
246,42,flatten,random,7,16,random_indep,0.8855999708175659,3237.65
247,42,flatten,random,9,16,random_indep,0.8913000226020813,3369.36
248,42,flatten,random,15,16,random_indep,0.8971999883651733,3787.6
249,42,flatten,random,21,16,random_indep,0.8970000147819519,4274.01
250,42,flatten,random,1,32,zero,0.5145000219345093,5352.9
251,42,flatten,random,3,32,zero,0.5440000295639038,5726.98
252,42,flatten,random,5,32,zero,0.8801000118255615,6101.13
253,42,flatten,random,7,32,zero,0.8974000215530396,6226.1
254,42,flatten,random,9,32,zero,0.9023000001907349,6801.24
255,42,flatten,random,15,32,zero,0.9124000072479248,7623.93
256,42,flatten,random,21,32,zero,0.9150999784469604,8556.96
257,42,flatten,random,1,32,random_fixed,0.8040000200271606,5144.69
258,42,flatten,random,3,32,random_fixed,0.8863000273704529,5809.16
259,42,flatten,random,5,32,random_fixed,0.9002000093460083,6102.35
260,42,flatten,random,7,32,random_fixed,0.9057999849319458,5939.42
261,42,flatten,random,9,32,random_fixed,0.9099000096321106,6821.04
262,42,flatten,random,15,32,random_fixed,0.9150999784469604,7523.35
263,42,flatten,random,21,32,random_fixed,0.9150000214576721,8440.33
264,42,flatten,random,1,32,random_indep,0.8507999777793884,5412.12
265,42,flatten,random,3,32,random_indep,0.8925999999046326,5892.76
266,42,flatten,random,5,32,random_indep,0.901199996471405,6216.3
267,42,flatten,random,7,32,random_indep,0.9074000120162964,6541.26
268,42,flatten,random,9,32,random_indep,0.907800018787384,6886.64
269,42,flatten,random,15,32,random_indep,0.9132999777793884,7621.33
270,42,flatten,random,21,32,random_indep,0.9140999913215637,8645.22
271,42,flatten,random_indep,1,2,zero,0.26829999685287476,392.02
272,42,flatten,random_indep,3,2,zero,0.4189999997615814,405.33
273,42,flatten,random_indep,5,2,zero,0.4343000054359436,430.16
274,42,flatten,random_indep,7,2,zero,0.4341999888420105,449.97
275,42,flatten,random_indep,9,2,zero,0.45829999446868896,470.84
276,42,flatten,random_indep,15,2,zero,0.4749000072479248,520.54
277,42,flatten,random_indep,21,2,zero,0.4878999888896942,472.66
278,42,flatten,random_indep,1,2,random_fixed,0.36329999566078186,390.26
279,42,flatten,random_indep,3,2,random_fixed,0.3903000056743622,372.96
280,42,flatten,random_indep,5,2,random_fixed,0.4438000023365021,429.28
281,42,flatten,random_indep,7,2,random_fixed,0.45649999380111694,448.81
282,42,flatten,random_indep,9,2,random_fixed,0.5009999871253967,464.61
283,42,flatten,random_indep,15,2,random_fixed,0.45179998874664307,518.55
284,42,flatten,random_indep,21,2,random_fixed,0.49320000410079956,563.11
285,42,flatten,random_indep,1,2,random_indep,0.335099995136261,383.99
286,42,flatten,random_indep,3,2,random_indep,0.35339999198913574,406.25
287,42,flatten,random_indep,5,2,random_indep,0.43149998784065247,422.14
288,42,flatten,random_indep,7,2,random_indep,0.44130000472068787,447.83
289,42,flatten,random_indep,9,2,random_indep,0.4675000011920929,469.2
290,42,flatten,random_indep,15,2,random_indep,0.4959000051021576,474.6
291,42,flatten,random_indep,21,2,random_indep,0.5228999853134155,559.09
292,42,flatten,random_indep,1,4,zero,0.4634999930858612,649.45
293,42,flatten,random_indep,3,4,zero,0.5281999707221985,779.54
294,42,flatten,random_indep,5,4,zero,0.6653000116348267,805.27
295,42,flatten,random_indep,7,4,zero,0.6383000016212463,844.86
296,42,flatten,random_indep,9,4,zero,0.73580002784729,849.52
297,42,flatten,random_indep,15,4,zero,0.7480000257492065,823.96
298,42,flatten,random_indep,21,4,zero,0.7531999945640564,1102.43
299,42,flatten,random_indep,1,4,random_fixed,0.4478999972343445,738.02
300,42,flatten,random_indep,3,4,random_fixed,0.5414999723434448,779.27
301,42,flatten,random_indep,5,4,random_fixed,0.64410001039505,755.03
302,42,flatten,random_indep,7,4,random_fixed,0.675000011920929,862.88
303,42,flatten,random_indep,9,4,random_fixed,0.713699996471405,877.91
304,42,flatten,random_indep,15,4,random_fixed,0.6949999928474426,1000.71
305,42,flatten,random_indep,21,4,random_fixed,0.738099992275238,1099.95
306,42,flatten,random_indep,1,4,random_indep,0.42500001192092896,745.7
307,42,flatten,random_indep,3,4,random_indep,0.5746999979019165,776.11
308,42,flatten,random_indep,5,4,random_indep,0.6448000073432922,804.73
309,42,flatten,random_indep,7,4,random_indep,0.684499979019165,864.89
310,42,flatten,random_indep,9,4,random_indep,0.7343999743461609,859.55
311,42,flatten,random_indep,15,4,random_indep,0.7480000257492065,1015.0
312,42,flatten,random_indep,21,4,random_indep,0.7527999877929688,1113.81
313,42,flatten,random_indep,1,8,zero,0.501800000667572,1427.81
314,42,flatten,random_indep,3,8,zero,0.7095000147819519,1516.9
315,42,flatten,random_indep,5,8,zero,0.774399995803833,1596.6
316,42,flatten,random_indep,7,8,zero,0.8014000058174133,1637.44
317,42,flatten,random_indep,9,8,zero,0.84170001745224,1698.28
318,42,flatten,random_indep,15,8,zero,0.855400025844574,1919.5
319,42,flatten,random_indep,21,8,zero,0.8557999730110168,2199.06
320,42,flatten,random_indep,1,8,random_fixed,0.6054999828338623,1440.53
321,42,flatten,random_indep,3,8,random_fixed,0.7559000253677368,1534.5
322,42,flatten,random_indep,5,8,random_fixed,0.7918000221252441,1583.34
323,42,flatten,random_indep,7,8,random_fixed,0.8036999702453613,1656.62
324,42,flatten,random_indep,9,8,random_fixed,0.8216999769210815,1741.83
325,42,flatten,random_indep,15,8,random_fixed,0.861299991607666,1966.15
326,42,flatten,random_indep,21,8,random_fixed,0.8533999919891357,2189.8
327,42,flatten,random_indep,1,8,random_indep,0.5924000144004822,1478.11
328,42,flatten,random_indep,3,8,random_indep,0.7549999952316284,1537.75
329,42,flatten,random_indep,5,8,random_indep,0.7897999882698059,1565.98
330,42,flatten,random_indep,7,8,random_indep,0.8091999888420105,1594.92
331,42,flatten,random_indep,9,8,random_indep,0.829800009727478,1703.91
332,42,flatten,random_indep,15,8,random_indep,0.8500000238418579,1948.54
333,42,flatten,random_indep,21,8,random_indep,0.8547000288963318,2175.57
334,42,flatten,random_indep,1,16,zero,0.6988000273704529,2646.12
335,42,flatten,random_indep,3,16,zero,0.8364999890327454,2963.82
336,42,flatten,random_indep,5,16,zero,0.8618999719619751,3090.3
337,42,flatten,random_indep,7,16,zero,0.8776000142097473,3262.22
338,42,flatten,random_indep,9,16,zero,0.8804000020027161,3390.29
339,42,flatten,random_indep,15,16,zero,0.896399974822998,3423.6
340,42,flatten,random_indep,21,16,zero,0.8999999761581421,4292.86
341,42,flatten,random_indep,1,16,random_fixed,0.7627000212669373,2645.01
342,42,flatten,random_indep,3,16,random_fixed,0.8522999882698059,2910.47
343,42,flatten,random_indep,5,16,random_fixed,0.8695999979972839,2809.36
344,42,flatten,random_indep,7,16,random_fixed,0.8855000138282776,3163.47
345,42,flatten,random_indep,9,16,random_fixed,0.8852999806404114,3012.77
346,42,flatten,random_indep,15,16,random_fixed,0.8946999907493591,3797.97
347,42,flatten,random_indep,21,16,random_fixed,0.8999000191688538,4297.86
348,42,flatten,random_indep,1,16,random_indep,0.7695000171661377,2729.17
349,42,flatten,random_indep,3,16,random_indep,0.8363000154495239,2934.29
350,42,flatten,random_indep,5,16,random_indep,0.8708000183105469,3033.0
351,42,flatten,random_indep,7,16,random_indep,0.8792999982833862,3188.0
352,42,flatten,random_indep,9,16,random_indep,0.8824999928474426,3390.49
353,42,flatten,random_indep,15,16,random_indep,0.8924000263214111,3713.14
354,42,flatten,random_indep,21,16,random_indep,0.8967000246047974,4304.68
355,42,flatten,random_indep,1,32,zero,0.7868000268936157,5528.02
356,42,flatten,random_indep,3,32,zero,0.880299985408783,5684.63
357,42,flatten,random_indep,5,32,zero,0.9003000259399414,6173.4
358,42,flatten,random_indep,7,32,zero,0.9024999737739563,6554.24
359,42,flatten,random_indep,9,32,zero,0.9089000225067139,6234.23
360,42,flatten,random_indep,15,32,zero,0.9132999777793884,7799.9
361,42,flatten,random_indep,21,32,zero,0.9115999937057495,8396.61
362,42,flatten,random_indep,1,32,random_fixed,0.8478999733924866,5653.63
363,42,flatten,random_indep,3,32,random_fixed,0.8912000060081482,5768.99
364,42,flatten,random_indep,5,32,random_fixed,0.901199996471405,6145.25
365,42,flatten,random_indep,7,32,random_fixed,0.902899980545044,6434.07
366,42,flatten,random_indep,9,32,random_fixed,0.9082000255584717,6458.62
367,42,flatten,random_indep,15,32,random_fixed,0.9121000170707703,7629.43
368,42,flatten,random_indep,21,32,random_fixed,0.9147999882698059,8648.75
369,42,flatten,random_indep,1,32,random_indep,0.8482999801635742,5573.08
370,42,flatten,random_indep,3,32,random_indep,0.8877000212669373,5845.4
371,42,flatten,random_indep,5,32,random_indep,0.8984000086784363,5922.29
372,42,flatten,random_indep,7,32,random_indep,0.9053999781608582,6518.81
373,42,flatten,random_indep,9,32,random_indep,0.9075999855995178,6369.02
374,42,flatten,random_indep,15,32,random_indep,0.914900004863739,7698.55
375,42,flatten,random_indep,21,32,random_indep,0.913100004196167,8567.54
376,42,pauli,be,1,2,zero,0.37229999899864197,326.26
377,42,pauli,be,3,2,zero,0.3919000029563904,403.19
378,42,pauli,be,5,2,zero,0.36980000138282776,438.39
379,42,pauli,be,7,2,zero,0.3666999936103821,454.08
380,42,pauli,be,9,2,zero,0.38269999623298645,475.29
381,42,pauli,be,15,2,zero,0.3833000063896179,531.02
382,42,pauli,be,21,2,zero,0.37700000405311584,584.53
383,42,pauli,be,1,2,random_fixed,0.296999990940094,402.63
384,42,pauli,be,3,2,random_fixed,0.4174000024795532,391.87
385,42,pauli,be,5,2,random_fixed,0.3684000074863434,443.6
386,42,pauli,be,7,2,random_fixed,0.33250001072883606,437.98
387,42,pauli,be,9,2,random_fixed,0.3497999906539917,474.54
388,42,pauli,be,15,2,random_fixed,0.358599990606308,524.74
389,42,pauli,be,21,2,random_fixed,0.36090001463890076,583.77
390,42,pauli,be,1,2,random_indep,0.2833999991416931,398.68
391,42,pauli,be,3,2,random_indep,0.3077999949455261,415.39
392,42,pauli,be,5,2,random_indep,0.3596000075340271,407.05
393,42,pauli,be,7,2,random_indep,0.3995000123977661,457.57
394,42,pauli,be,9,2,random_indep,0.35839998722076416,474.66
395,42,pauli,be,15,2,random_indep,0.42890000343322754,543.8
396,42,pauli,be,21,2,random_indep,0.36640000343322754,588.52
397,42,pauli,be,1,4,zero,0.5638999938964844,693.62
398,42,pauli,be,3,4,zero,0.59170001745224,716.58
399,42,pauli,be,5,4,zero,0.6378999948501587,801.06
400,42,pauli,be,7,4,zero,0.6680999994277954,850.42
401,42,pauli,be,9,4,zero,0.6467999815940857,712.25
402,42,pauli,be,15,4,zero,0.6122000217437744,1011.74
403,42,pauli,be,21,4,zero,0.5992000102996826,1063.51
404,42,pauli,be,1,4,random_fixed,0.3691999912261963,751.01
405,42,pauli,be,3,4,random_fixed,0.5526000261306763,787.8
406,42,pauli,be,5,4,random_fixed,0.5916000008583069,818.86
407,42,pauli,be,7,4,random_fixed,0.5444999933242798,856.76
408,42,pauli,be,9,4,random_fixed,0.570900022983551,893.39
409,42,pauli,be,15,4,random_fixed,0.618399977684021,997.39
410,42,pauli,be,21,4,random_fixed,0.5400999784469604,1115.04
411,42,pauli,be,1,4,random_indep,0.5364999771118164,752.58
412,42,pauli,be,3,4,random_indep,0.570900022983551,795.29
413,42,pauli,be,5,4,random_indep,0.5406000018119812,837.01
414,42,pauli,be,7,4,random_indep,0.5335000157356262,849.05
415,42,pauli,be,9,4,random_indep,0.5965999960899353,883.93
416,42,pauli,be,15,4,random_indep,0.5734000205993652,1036.46
417,42,pauli,be,21,4,random_indep,0.6062999963760376,1137.16
418,42,pauli,be,1,8,zero,0.6620000004768372,1486.86
419,42,pauli,be,3,8,zero,0.7846999764442444,1352.74
420,42,pauli,be,5,8,zero,0.7915999889373779,1592.62
421,42,pauli,be,7,8,zero,0.798799991607666,1680.4
422,42,pauli,be,9,8,zero,0.7975000143051147,1729.05
423,42,pauli,be,15,8,zero,0.7907000184059143,1952.48
424,42,pauli,be,21,8,zero,0.7925999760627747,2196.98
425,42,pauli,be,1,8,random_fixed,0.4916999936103821,1447.22
426,42,pauli,be,3,8,random_fixed,0.7172999978065491,1537.54
427,42,pauli,be,5,8,random_fixed,0.710099995136261,1603.28
428,42,pauli,be,7,8,random_fixed,0.7211999893188477,1647.2
429,42,pauli,be,9,8,random_fixed,0.7522000074386597,1775.45
430,42,pauli,be,15,8,random_fixed,0.7628999948501587,1990.29
431,42,pauli,be,21,8,random_fixed,0.7110000252723694,2211.39
432,42,pauli,be,1,8,random_indep,0.64410001039505,1478.08
433,42,pauli,be,3,8,random_indep,0.741100013256073,1546.94
434,42,pauli,be,5,8,random_indep,0.781000018119812,1559.89
435,42,pauli,be,7,8,random_indep,0.767300009727478,1660.59
436,42,pauli,be,9,8,random_indep,0.7897999882698059,1721.29
437,42,pauli,be,15,8,random_indep,0.7739999890327454,1923.06
438,42,pauli,be,21,8,random_indep,0.760200023651123,2115.49
439,42,pauli,be,1,16,zero,0.7667999863624573,2805.78
440,42,pauli,be,3,16,zero,0.8427000045776367,2941.48
441,42,pauli,be,5,16,zero,0.8574000000953674,3109.39
442,42,pauli,be,7,16,zero,0.8640999794006348,3214.46
443,42,pauli,be,9,16,zero,0.8610000014305115,3451.31
444,42,pauli,be,15,16,zero,0.864300012588501,3904.09
445,42,pauli,be,21,16,zero,0.8603000044822693,4324.56
446,42,pauli,be,1,16,random_fixed,0.6328999996185303,2763.47
447,42,pauli,be,3,16,random_fixed,0.8083000183105469,2954.16
448,42,pauli,be,5,16,random_fixed,0.8116999864578247,3130.0
449,42,pauli,be,7,16,random_fixed,0.817300021648407,3244.5
450,42,pauli,be,9,16,random_fixed,0.8378999829292297,3369.62
451,42,pauli,be,15,16,random_fixed,0.8367999792098999,3683.94
452,42,pauli,be,21,16,random_fixed,0.8008000254631042,4354.48
453,42,pauli,be,1,16,random_indep,0.7734000086784363,2764.36
454,42,pauli,be,3,16,random_indep,0.8531000018119812,2973.32
455,42,pauli,be,5,16,random_indep,0.8585000038146973,2799.65
456,42,pauli,be,7,16,random_indep,0.8618999719619751,3117.37
457,42,pauli,be,9,16,random_indep,0.8511000275611877,3447.39
458,42,pauli,be,15,16,random_indep,0.8626000285148621,3864.17
459,42,pauli,be,21,16,random_indep,0.8540999889373779,4300.15
460,42,pauli,be,1,32,zero,0.8274999856948853,5358.95
461,42,pauli,be,3,32,zero,0.8860999941825867,5952.34
462,42,pauli,be,5,32,zero,0.892300009727478,6187.01
463,42,pauli,be,7,32,zero,0.8920000195503235,6513.33
464,42,pauli,be,9,32,zero,0.8942000269889832,6769.78
465,42,pauli,be,15,32,zero,0.8924999833106995,7711.92
466,42,pauli,be,21,32,zero,0.8932999968528748,8804.86
467,42,pauli,be,1,32,random_fixed,0.7368999719619751,5595.27
468,42,pauli,be,3,32,random_fixed,0.8593999743461609,5960.96
469,42,pauli,be,5,32,random_fixed,0.8658999800682068,6218.49
470,42,pauli,be,7,32,random_fixed,0.8610000014305115,6469.13
471,42,pauli,be,9,32,random_fixed,0.875,6875.27
472,42,pauli,be,15,32,random_fixed,0.8791000247001648,7584.09
473,42,pauli,be,21,32,random_fixed,0.8619999885559082,8614.75
474,42,pauli,be,1,32,random_indep,0.8529999852180481,5678.58
475,42,pauli,be,3,32,random_indep,0.8812999725341797,5771.67
476,42,pauli,be,5,32,random_indep,0.8939999938011169,6329.0
477,42,pauli,be,7,32,random_indep,0.8888000249862671,6689.57
478,42,pauli,be,9,32,random_indep,0.8942999839782715,6678.05
479,42,pauli,be,15,32,random_indep,0.8945000171661377,7677.98
480,42,pauli,be,21,32,random_indep,0.8946999907493591,8805.06
481,42,pauli,se,1,2,zero,0.4507000148296356,480.65
482,42,pauli,se,3,2,zero,0.4878000020980835,533.36
483,42,pauli,se,5,2,zero,0.4724000096321106,583.79
484,42,pauli,se,7,2,zero,0.5297999978065491,630.82
485,42,pauli,se,1,2,random_fixed,0.4036000072956085,484.04
486,42,pauli,se,3,2,random_fixed,0.5105000138282776,510.45
487,42,pauli,se,5,2,random_fixed,0.5365999937057495,560.8
488,42,pauli,se,7,2,random_fixed,0.5098999738693237,611.22
489,42,pauli,se,1,2,random_indep,0.3752000033855438,483.36
490,42,pauli,se,3,2,random_indep,0.5115000009536743,537.04
491,42,pauli,se,5,2,random_indep,0.4984999895095825,586.5
492,42,pauli,se,7,2,random_indep,0.499099999666214,624.63
493,42,pauli,se,1,4,zero,0.5936999917030334,893.87
494,42,pauli,se,3,4,zero,0.7699000239372253,984.4
495,42,pauli,se,5,4,zero,0.7670000195503235,1022.32
496,42,pauli,se,7,4,zero,0.7314000129699707,1201.19
497,42,pauli,se,1,4,random_fixed,0.6535000205039978,902.52
498,42,pauli,se,3,4,random_fixed,0.7667999863624573,1015.25
499,42,pauli,se,5,4,random_fixed,0.7609999775886536,1112.68
500,42,pauli,se,7,4,random_fixed,0.762499988079071,1168.91
501,42,pauli,se,1,4,random_indep,0.6711000204086304,901.82
502,42,pauli,se,3,4,random_indep,0.7182000279426575,1007.09
503,42,pauli,se,5,4,random_indep,0.7269999980926514,990.28
504,42,pauli,se,7,4,random_indep,0.7516999840736389,1179.67
505,42,pauli,se,1,8,zero,0.7961000204086304,1778.56
506,42,pauli,se,3,8,zero,0.8636000156402588,1952.92
507,42,pauli,se,5,8,zero,0.8727999925613403,2126.73
508,42,pauli,se,7,8,zero,0.8621000051498413,2331.46
509,42,pauli,se,1,8,random_fixed,0.8066999912261963,1786.46
510,42,pauli,se,3,8,random_fixed,0.8521000146865845,1980.12
511,42,pauli,se,5,8,random_fixed,0.8626999855041504,2193.4
512,42,pauli,se,7,8,random_fixed,0.8707000017166138,2333.26
513,42,pauli,se,1,8,random_indep,0.7994999885559082,1748.56
514,42,pauli,se,3,8,random_indep,0.8687000274658203,1972.18
515,42,pauli,se,5,8,random_indep,0.8702999949455261,2101.39
516,42,pauli,se,7,8,random_indep,0.8704000115394592,2337.27
517,42,pauli,se,1,16,zero,0.8539999723434448,3480.94
518,42,pauli,se,3,16,zero,0.89410001039505,3704.14
519,42,pauli,se,5,16,zero,0.9049999713897705,4273.84
520,42,pauli,se,7,16,zero,0.9074000120162964,4531.62
521,42,pauli,se,1,16,random_fixed,0.8690999746322632,3550.45
522,42,pauli,se,3,16,random_fixed,0.9000999927520752,3912.35
523,42,pauli,se,5,16,random_fixed,0.9053999781608582,4258.43
524,42,pauli,se,7,16,random_fixed,0.906499981880188,4727.55
525,42,pauli,se,1,16,random_indep,0.866100013256073,3589.79
526,42,pauli,se,3,16,random_indep,0.9020000100135803,3939.8
527,42,pauli,se,5,16,random_indep,0.9083999991416931,4336.61
528,42,pauli,se,7,16,random_indep,0.9083999991416931,4841.62
529,42,pauli,se,1,32,zero,0.887499988079071,7053.44
530,42,pauli,se,3,32,zero,0.9151999950408936,7666.65
531,42,pauli,se,5,32,zero,0.9182000160217285,8720.15
532,42,pauli,se,7,32,zero,0.916700005531311,9476.49
533,42,pauli,se,1,32,random_fixed,0.8974000215530396,6756.22
534,42,pauli,se,3,32,random_fixed,0.9143999814987183,7628.48
535,42,pauli,se,5,32,random_fixed,0.9172000288963318,8722.8
536,42,pauli,se,7,32,random_fixed,0.9179999828338623,9459.67
537,42,pauli,se,1,32,random_indep,0.8962000012397766,7007.78
538,42,pauli,se,3,32,random_indep,0.916700005531311,7783.28
539,42,pauli,se,5,32,random_indep,0.9172999858856201,8529.92
540,42,pauli,se,7,32,random_indep,0.9182999730110168,9517.12
541,42,pauli,random,1,2,zero,0.13220000267028809,369.66
542,42,pauli,random,3,2,zero,0.13189999759197235,410.46
543,42,pauli,random,5,2,zero,0.4203999936580658,426.8
544,42,pauli,random,7,2,zero,0.4059000015258789,451.12
545,42,pauli,random,9,2,zero,0.5428000092506409,409.15
546,42,pauli,random,15,2,zero,0.5307000279426575,527.0
547,42,pauli,random,21,2,zero,0.5077999830245972,575.22
548,42,pauli,random,1,2,random_fixed,0.3124000132083893,386.13
549,42,pauli,random,3,2,random_fixed,0.3564000129699707,415.91
550,42,pauli,random,5,2,random_fixed,0.44209998846054077,401.56
551,42,pauli,random,7,2,random_fixed,0.45500001311302185,438.35
552,42,pauli,random,9,2,random_fixed,0.505299985408783,470.17
553,42,pauli,random,15,2,random_fixed,0.4496000111103058,527.69
554,42,pauli,random,21,2,random_fixed,0.4754999876022339,585.97
555,42,pauli,random,1,2,random_indep,0.26829999685287476,401.09
556,42,pauli,random,3,2,random_indep,0.38940000534057617,422.87
557,42,pauli,random,5,2,random_indep,0.4823000133037567,368.88
558,42,pauli,random,7,2,random_indep,0.4519999921321869,453.15
559,42,pauli,random,9,2,random_indep,0.4756999909877777,469.03
560,42,pauli,random,15,2,random_indep,0.5235999822616577,508.66
561,42,pauli,random,21,2,random_indep,0.5152000188827515,572.28
562,42,pauli,random,1,4,zero,0.1404000073671341,749.91
563,42,pauli,random,3,4,zero,0.14110000431537628,753.37
564,42,pauli,random,5,4,zero,0.5680999755859375,802.33
565,42,pauli,random,7,4,zero,0.630299985408783,851.32
566,42,pauli,random,9,4,zero,0.7005000114440918,898.78
567,42,pauli,random,15,4,zero,0.7627000212669373,1021.13
568,42,pauli,random,21,4,zero,0.7652000188827515,1091.48
569,42,pauli,random,1,4,random_fixed,0.4230000078678131,756.24
570,42,pauli,random,3,4,random_fixed,0.6194999814033508,756.49
571,42,pauli,random,5,4,random_fixed,0.6996999979019165,704.3
572,42,pauli,random,7,4,random_fixed,0.6985999941825867,838.36
573,42,pauli,random,9,4,random_fixed,0.7563999891281128,805.13
574,42,pauli,random,15,4,random_fixed,0.7720999717712402,985.27
575,42,pauli,random,21,4,random_fixed,0.7408999800682068,1117.11
576,42,pauli,random,1,4,random_indep,0.5030999779701233,751.94
577,42,pauli,random,3,4,random_indep,0.6108999848365784,725.78
578,42,pauli,random,5,4,random_indep,0.7123000025749207,823.08
579,42,pauli,random,7,4,random_indep,0.7368000149726868,793.5
580,42,pauli,random,9,4,random_indep,0.7609000205993652,888.14
581,42,pauli,random,15,4,random_indep,0.7253000140190125,1003.58
582,42,pauli,random,21,4,random_indep,0.777899980545044,1126.65
583,42,pauli,random,1,8,zero,0.14219999313354492,1447.06
584,42,pauli,random,3,8,zero,0.14419999718666077,1527.99
585,42,pauli,random,5,8,zero,0.8009999990463257,1569.87
586,42,pauli,random,7,8,zero,0.7949000000953674,1605.5
587,42,pauli,random,9,8,zero,0.8532999753952026,1761.51
588,42,pauli,random,15,8,zero,0.8639000058174133,1898.02
589,42,pauli,random,21,8,zero,0.8701000213623047,2198.48
590,42,pauli,random,1,8,random_fixed,0.5821999907493591,1477.52
591,42,pauli,random,3,8,random_fixed,0.7973999977111816,1517.11
592,42,pauli,random,5,8,random_fixed,0.8345000147819519,1606.15
593,42,pauli,random,7,8,random_fixed,0.835099995136261,1683.9
594,42,pauli,random,9,8,random_fixed,0.8580999970436096,1725.29
595,42,pauli,random,15,8,random_fixed,0.8666999936103821,1943.74
596,42,pauli,random,21,8,random_fixed,0.8705999851226807,2215.2
597,42,pauli,random,1,8,random_indep,0.6765000224113464,1458.37
598,42,pauli,random,3,8,random_indep,0.7641000151634216,1528.26
599,42,pauli,random,5,8,random_indep,0.8432000279426575,1557.58
600,42,pauli,random,7,8,random_indep,0.8434000015258789,1599.96
601,42,pauli,random,9,8,random_indep,0.8605999946594238,1737.08
602,42,pauli,random,15,8,random_indep,0.8646000027656555,1933.82
603,42,pauli,random,21,8,random_indep,0.8719000220298767,2128.49
604,42,pauli,random,1,16,zero,0.14910000562667847,2689.09
605,42,pauli,random,3,16,zero,0.1517000049352646,2992.49
606,42,pauli,random,5,16,zero,0.8626999855041504,3076.39
607,42,pauli,random,7,16,zero,0.8672999739646912,3253.54
608,42,pauli,random,9,16,zero,0.8913999795913696,3266.77
609,42,pauli,random,15,16,zero,0.9053000211715698,3871.56
610,42,pauli,random,21,16,zero,0.902400016784668,4262.03
611,42,pauli,random,1,16,random_fixed,0.6840000152587891,2731.35
612,42,pauli,random,3,16,random_fixed,0.8637999892234802,2941.85
613,42,pauli,random,5,16,random_fixed,0.8899000287055969,3105.6
614,42,pauli,random,7,16,random_fixed,0.8996000289916992,3246.43
615,42,pauli,random,9,16,random_fixed,0.8999000191688538,3147.11
616,42,pauli,random,15,16,random_fixed,0.9039999842643738,3763.69
617,42,pauli,random,21,16,random_fixed,0.9053000211715698,4088.96
618,42,pauli,random,1,16,random_indep,0.7842000126838684,2836.54
619,42,pauli,random,3,16,random_indep,0.863099992275238,2715.57
620,42,pauli,random,5,16,random_indep,0.8863999843597412,3100.55
621,42,pauli,random,7,16,random_indep,0.8888000249862671,3267.99
622,42,pauli,random,9,16,random_indep,0.899399995803833,3384.07
623,42,pauli,random,15,16,random_indep,0.9052000045776367,3838.46
624,42,pauli,random,21,16,random_indep,0.9063000082969666,4130.5
625,42,pauli,random,1,32,zero,0.149399995803833,5455.5
626,42,pauli,random,3,32,zero,0.1501999944448471,5886.57
627,42,pauli,random,5,32,zero,0.8968999981880188,6074.44
628,42,pauli,random,7,32,zero,0.9007999897003174,6474.67
629,42,pauli,random,9,32,zero,0.9142000079154968,6722.71
630,42,pauli,random,15,32,zero,0.9157999753952026,7804.49
631,42,pauli,random,21,32,zero,0.9172000288963318,8370.17
632,42,pauli,random,1,32,random_fixed,0.7828999757766724,5323.39
633,42,pauli,random,3,32,random_fixed,0.8978999853134155,5855.0
634,42,pauli,random,5,32,random_fixed,0.9067000150680542,6054.72
635,42,pauli,random,7,32,random_fixed,0.9121999740600586,6391.47
636,42,pauli,random,9,32,random_fixed,0.9139000177383423,6690.53
637,42,pauli,random,15,32,random_fixed,0.9158999919891357,7677.63
638,42,pauli,random,21,32,random_fixed,0.917900025844574,8651.58
639,42,pauli,random,1,32,random_indep,0.8668000102043152,5506.42
640,42,pauli,random,3,32,random_indep,0.8981000185012817,5918.92
641,42,pauli,random,5,32,random_indep,0.9065999984741211,6236.28
642,42,pauli,random,7,32,random_indep,0.9111999869346619,6489.44
643,42,pauli,random,9,32,random_indep,0.9129999876022339,6842.89
644,42,pauli,random,15,32,random_indep,0.9153000116348267,7878.0
645,42,pauli,random,21,32,random_indep,0.9175000190734863,8451.61
646,42,pauli,random_indep,1,2,zero,0.32429999113082886,344.82
647,42,pauli,random_indep,3,2,zero,0.3538999855518341,424.37
648,42,pauli,random_indep,5,2,zero,0.4462999999523163,428.77
649,42,pauli,random_indep,7,2,zero,0.49390000104904175,363.55
650,42,pauli,random_indep,9,2,zero,0.45890000462532043,479.65
651,42,pauli,random_indep,15,2,zero,0.5224999785423279,532.61
652,42,pauli,random_indep,21,2,zero,0.5058000087738037,575.72
653,42,pauli,random_indep,1,2,random_fixed,0.375900000333786,402.51
654,42,pauli,random_indep,3,2,random_fixed,0.4496999979019165,424.49
655,42,pauli,random_indep,5,2,random_fixed,0.4717999994754791,441.9
656,42,pauli,random_indep,7,2,random_fixed,0.5038999915122986,441.26
657,42,pauli,random_indep,9,2,random_fixed,0.45179998874664307,476.46
658,42,pauli,random_indep,15,2,random_fixed,0.5213000178337097,525.19
659,42,pauli,random_indep,21,2,random_fixed,0.5479999780654907,549.18
660,42,pauli,random_indep,1,2,random_indep,0.273499995470047,398.19
661,42,pauli,random_indep,3,2,random_indep,0.4156999886035919,413.62
662,42,pauli,random_indep,5,2,random_indep,0.4749999940395355,436.5
663,42,pauli,random_indep,7,2,random_indep,0.4645000100135803,463.97
664,42,pauli,random_indep,9,2,random_indep,0.45719999074935913,478.63
665,42,pauli,random_indep,15,2,random_indep,0.46619999408721924,531.97
666,42,pauli,random_indep,21,2,random_indep,0.5327000021934509,592.24
667,42,pauli,random_indep,1,4,zero,0.41130000352859497,739.17
668,42,pauli,random_indep,3,4,zero,0.5782999992370605,783.03
669,42,pauli,random_indep,5,4,zero,0.6958000063896179,813.38
670,42,pauli,random_indep,7,4,zero,0.682699978351593,859.89
671,42,pauli,random_indep,9,4,zero,0.7509999871253967,820.4
672,42,pauli,random_indep,15,4,zero,0.7612000107765198,998.45
673,42,pauli,random_indep,21,4,zero,0.7457000017166138,1040.93
674,42,pauli,random_indep,1,4,random_fixed,0.5076000094413757,751.86
675,42,pauli,random_indep,3,4,random_fixed,0.6086000204086304,605.93
676,42,pauli,random_indep,5,4,random_fixed,0.682699978351593,800.14
677,42,pauli,random_indep,7,4,random_fixed,0.7305999994277954,823.45
678,42,pauli,random_indep,9,4,random_fixed,0.6905999779701233,872.77
679,42,pauli,random_indep,15,4,random_fixed,0.7245000004768372,1013.49
680,42,pauli,random_indep,21,4,random_fixed,0.7325999736785889,1126.2
681,42,pauli,random_indep,1,4,random_indep,0.44780001044273376,739.68
682,42,pauli,random_indep,3,4,random_indep,0.5993000268936157,786.19
683,42,pauli,random_indep,5,4,random_indep,0.6460999846458435,837.54
684,42,pauli,random_indep,7,4,random_indep,0.6650000214576721,883.96
685,42,pauli,random_indep,9,4,random_indep,0.6942999958992004,868.65
686,42,pauli,random_indep,15,4,random_indep,0.7494999766349792,971.63
687,42,pauli,random_indep,21,4,random_indep,0.7689999938011169,1127.85
688,42,pauli,random_indep,1,8,zero,0.5069000124931335,1477.01
689,42,pauli,random_indep,3,8,zero,0.7641000151634216,1480.38
690,42,pauli,random_indep,5,8,zero,0.7709000110626221,1576.39
691,42,pauli,random_indep,7,8,zero,0.83160001039505,1640.54
692,42,pauli,random_indep,9,8,zero,0.8567000031471252,1735.55
693,42,pauli,random_indep,15,8,zero,0.8569999933242798,1953.85
694,42,pauli,random_indep,21,8,zero,0.870199978351593,2168.09
695,42,pauli,random_indep,1,8,random_fixed,0.6238999962806702,1453.13
696,42,pauli,random_indep,3,8,random_fixed,0.7820000052452087,1546.06
697,42,pauli,random_indep,5,8,random_fixed,0.8120999932289124,1507.09
698,42,pauli,random_indep,7,8,random_fixed,0.839900016784668,1705.2
699,42,pauli,random_indep,9,8,random_fixed,0.8547999858856201,1699.82
700,42,pauli,random_indep,15,8,random_fixed,0.8698999881744385,1928.03
701,42,pauli,random_indep,21,8,random_fixed,0.8655999898910522,2221.57
702,42,pauli,random_indep,1,8,random_indep,0.6791999936103821,1432.31
703,42,pauli,random_indep,3,8,random_indep,0.7760000228881836,1561.66
704,42,pauli,random_indep,5,8,random_indep,0.8166999816894531,1368.58
705,42,pauli,random_indep,7,8,random_indep,0.8399999737739563,1661.21
706,42,pauli,random_indep,9,8,random_indep,0.8551999926567078,1555.43
707,42,pauli,random_indep,15,8,random_indep,0.8622999787330627,1932.13
708,42,pauli,random_indep,21,8,random_indep,0.8729000091552734,2178.95
709,42,pauli,random_indep,1,16,zero,0.6593999862670898,2825.5
710,42,pauli,random_indep,3,16,zero,0.853600025177002,2982.6
711,42,pauli,random_indep,5,16,zero,0.8733999729156494,3037.49
712,42,pauli,random_indep,7,16,zero,0.8934999704360962,3250.54
713,42,pauli,random_indep,9,16,zero,0.8944000005722046,3418.47
714,42,pauli,random_indep,15,16,zero,0.9031000137329102,3822.51
715,42,pauli,random_indep,21,16,zero,0.9049999713897705,4277.83
716,42,pauli,random_indep,1,16,random_fixed,0.772599995136261,2812.85
717,42,pauli,random_indep,3,16,random_fixed,0.8607000112533569,2904.76
718,42,pauli,random_indep,5,16,random_fixed,0.8826000094413757,3044.68
719,42,pauli,random_indep,7,16,random_fixed,0.8901000022888184,3200.81
720,42,pauli,random_indep,9,16,random_fixed,0.8988000154495239,3394.57
721,42,pauli,random_indep,15,16,random_fixed,0.9017999768257141,3837.94
722,42,pauli,random_indep,21,16,random_fixed,0.904699981212616,4225.56
723,42,pauli,random_indep,1,16,random_indep,0.8062000274658203,2804.67
724,42,pauli,random_indep,3,16,random_indep,0.8531000018119812,2750.78
725,42,pauli,random_indep,5,16,random_indep,0.8813999891281128,3143.92
726,42,pauli,random_indep,7,16,random_indep,0.8871999979019165,3216.06
727,42,pauli,random_indep,9,16,random_indep,0.8966000080108643,3421.69
728,42,pauli,random_indep,15,16,random_indep,0.9007999897003174,3837.62
729,42,pauli,random_indep,21,16,random_indep,0.90420001745224,3978.95
730,42,pauli,random_indep,1,32,zero,0.8033999800682068,5266.1
731,42,pauli,random_indep,3,32,zero,0.8938999772071838,5833.02
732,42,pauli,random_indep,5,32,zero,0.9049999713897705,6220.09
733,42,pauli,random_indep,7,32,zero,0.9097999930381775,6390.83
734,42,pauli,random_indep,9,32,zero,0.9120000004768372,6678.5
735,42,pauli,random_indep,15,32,zero,0.9175999760627747,7748.21
736,42,pauli,random_indep,21,32,zero,0.9151999950408936,8349.39
737,42,pauli,random_indep,1,32,random_fixed,0.8567000031471252,5451.23
738,42,pauli,random_indep,3,32,random_fixed,0.8977000117301941,5898.04
739,42,pauli,random_indep,5,32,random_fixed,0.90420001745224,5865.21
740,42,pauli,random_indep,7,32,random_fixed,0.907800018787384,6547.24
741,42,pauli,random_indep,9,32,random_fixed,0.911300003528595,6796.79
742,42,pauli,random_indep,15,32,random_fixed,0.9151999950408936,7755.98
743,42,pauli,random_indep,21,32,random_fixed,0.916100025177002,8561.93
744,42,pauli,random_indep,1,32,random_indep,0.8655999898910522,5615.34
745,42,pauli,random_indep,3,32,random_indep,0.8950999975204468,5822.89
746,42,pauli,random_indep,5,32,random_indep,0.9039000272750854,6178.36
747,42,pauli,random_indep,7,32,random_indep,0.9111999869346619,6280.6
748,42,pauli,random_indep,9,32,random_indep,0.9101999998092651,6765.35
749,42,pauli,random_indep,15,32,random_indep,0.9158999919891357,7602.76
750,42,pauli,random_indep,21,32,random_indep,0.9161999821662903,8643.76
751,4,flatten,be,1,2,zero,0.3188000023365021,366.97
752,4,flatten,be,3,2,zero,0.4056999981403351,339.27
753,4,flatten,be,5,2,zero,0.43059998750686646,435.75
754,4,flatten,be,7,2,zero,0.4221999943256378,455.17
755,4,flatten,be,9,2,zero,0.420199990272522,473.66
756,4,flatten,be,15,2,zero,0.43309998512268066,537.98
757,4,flatten,be,21,2,zero,0.4309000074863434,582.08
758,4,flatten,be,1,2,random_fixed,0.2851000130176544,398.81
759,4,flatten,be,3,2,random_fixed,0.38909998536109924,421.52
760,4,flatten,be,5,2,random_fixed,0.37560001015663147,439.28
761,4,flatten,be,7,2,random_fixed,0.3815999925136566,458.74
762,4,flatten,be,9,2,random_fixed,0.41830000281333923,443.23
763,4,flatten,be,15,2,random_fixed,0.39579999446868896,520.31
764,4,flatten,be,21,2,random_fixed,0.3921999931335449,578.28
765,4,flatten,be,1,2,random_indep,0.2883000075817108,400.52
766,4,flatten,be,3,2,random_indep,0.3928000032901764,410.5
767,4,flatten,be,5,2,random_indep,0.4341999888420105,433.99
768,4,flatten,be,7,2,random_indep,0.4133000075817108,456.29
769,4,flatten,be,9,2,random_indep,0.45010000467300415,473.0
770,4,flatten,be,15,2,random_indep,0.4187000095844269,528.32
771,4,flatten,be,21,2,random_indep,0.40049999952316284,586.16
772,4,flatten,be,1,4,zero,0.5072000026702881,735.72
773,4,flatten,be,3,4,zero,0.5737000107765198,777.87
774,4,flatten,be,5,4,zero,0.6273999810218811,820.48
775,4,flatten,be,7,4,zero,0.6876000165939331,775.26
776,4,flatten,be,9,4,zero,0.6391000151634216,880.55
777,4,flatten,be,15,4,zero,0.6748999953269958,1003.12
778,4,flatten,be,21,4,zero,0.7070000171661377,1120.0
779,4,flatten,be,1,4,random_fixed,0.4943999946117401,752.82
780,4,flatten,be,3,4,random_fixed,0.5440999865531921,775.81
781,4,flatten,be,5,4,random_fixed,0.6148999929428101,811.26
782,4,flatten,be,7,4,random_fixed,0.5953999757766724,850.19
783,4,flatten,be,9,4,random_fixed,0.582099974155426,890.21
784,4,flatten,be,15,4,random_fixed,0.6520000100135803,1000.01
785,4,flatten,be,21,4,random_fixed,0.6531999707221985,1124.63
786,4,flatten,be,1,4,random_indep,0.5299999713897705,729.52
787,4,flatten,be,3,4,random_indep,0.6018000245094299,763.67
788,4,flatten,be,5,4,random_indep,0.6037999987602234,694.2
789,4,flatten,be,7,4,random_indep,0.6086999773979187,875.72
790,4,flatten,be,9,4,random_indep,0.6704999804496765,909.56
791,4,flatten,be,15,4,random_indep,0.6527000069618225,1013.47
792,4,flatten,be,21,4,random_indep,0.6241999864578247,1099.07
793,4,flatten,be,1,8,zero,0.6535999774932861,1460.13
794,4,flatten,be,3,8,zero,0.7756999731063843,1530.24
795,4,flatten,be,5,8,zero,0.7867000102996826,1555.87
796,4,flatten,be,7,8,zero,0.8105000257492065,1573.01
797,4,flatten,be,9,8,zero,0.8202999830245972,1709.2
798,4,flatten,be,15,8,zero,0.8145999908447266,1977.8
799,4,flatten,be,21,8,zero,0.7991999983787537,2196.13
800,4,flatten,be,1,8,random_fixed,0.6776000261306763,1449.22
801,4,flatten,be,3,8,random_fixed,0.7371000051498413,1551.13
802,4,flatten,be,5,8,random_fixed,0.784500002861023,1625.1
803,4,flatten,be,7,8,random_fixed,0.7777000069618225,1620.73
804,4,flatten,be,9,8,random_fixed,0.7684999704360962,1758.69
805,4,flatten,be,15,8,random_fixed,0.7850000262260437,1975.78
806,4,flatten,be,21,8,random_fixed,0.7821999788284302,2220.45
807,4,flatten,be,1,8,random_indep,0.6306999921798706,1482.78
808,4,flatten,be,3,8,random_indep,0.7914000153541565,1531.51
809,4,flatten,be,5,8,random_indep,0.7681999802589417,1547.33
810,4,flatten,be,7,8,random_indep,0.8162999749183655,1644.48
811,4,flatten,be,9,8,random_indep,0.7684000134468079,1677.03
812,4,flatten,be,15,8,random_indep,0.8008000254631042,1951.92
813,4,flatten,be,21,8,random_indep,0.7904000282287598,2112.95
814,4,flatten,be,1,16,zero,0.7512999773025513,2739.51
815,4,flatten,be,3,16,zero,0.845300018787384,2692.98
816,4,flatten,be,5,16,zero,0.871399998664856,3137.53
817,4,flatten,be,7,16,zero,0.8694000244140625,3273.67
818,4,flatten,be,9,16,zero,0.8769999742507935,2928.98
819,4,flatten,be,15,16,zero,0.8733999729156494,3673.23
820,4,flatten,be,21,16,zero,0.8784000277519226,4231.66
821,4,flatten,be,1,16,random_fixed,0.739300012588501,2830.68
822,4,flatten,be,3,16,random_fixed,0.8312000036239624,2800.52
823,4,flatten,be,5,16,random_fixed,0.8622999787330627,3002.41
824,4,flatten,be,7,16,random_fixed,0.8489000201225281,3290.73
825,4,flatten,be,9,16,random_fixed,0.8482999801635742,3377.72
826,4,flatten,be,15,16,random_fixed,0.8644999861717224,3925.32
827,4,flatten,be,21,16,random_fixed,0.847100019454956,4339.46
828,4,flatten,be,1,16,random_indep,0.7598999738693237,2751.06
829,4,flatten,be,3,16,random_indep,0.8515999913215637,2940.22
830,4,flatten,be,5,16,random_indep,0.8561000227928162,2694.09
831,4,flatten,be,7,16,random_indep,0.8666999936103821,3257.23
832,4,flatten,be,9,16,random_indep,0.8662999868392944,3435.32
833,4,flatten,be,15,16,random_indep,0.8776999711990356,3852.7
834,4,flatten,be,21,16,random_indep,0.8665000200271606,4355.12
835,4,flatten,be,1,32,zero,0.8291000127792358,5631.15
836,4,flatten,be,3,32,zero,0.8913999795913696,5923.57
837,4,flatten,be,5,32,zero,0.9031000137329102,6074.72
838,4,flatten,be,7,32,zero,0.9023000001907349,6404.66
839,4,flatten,be,9,32,zero,0.9034000039100647,6856.61
840,4,flatten,be,15,32,zero,0.9035999774932861,7754.33
841,4,flatten,be,21,32,zero,0.8996999859809875,8782.43
842,4,flatten,be,1,32,random_fixed,0.8256999850273132,5524.23
843,4,flatten,be,3,32,random_fixed,0.8736000061035156,5913.95
844,4,flatten,be,5,32,random_fixed,0.8927000164985657,6140.18
845,4,flatten,be,7,32,random_fixed,0.8855999708175659,6493.69
846,4,flatten,be,9,32,random_fixed,0.8927000164985657,6857.2
847,4,flatten,be,15,32,random_fixed,0.89410001039505,7912.07
848,4,flatten,be,21,32,random_fixed,0.8896999955177307,8664.14
849,4,flatten,be,1,32,random_indep,0.8579000234603882,5617.0
850,4,flatten,be,3,32,random_indep,0.8931000232696533,5746.41
851,4,flatten,be,5,32,random_indep,0.8992999792098999,6306.24
852,4,flatten,be,7,32,random_indep,0.9000999927520752,6510.51
853,4,flatten,be,9,32,random_indep,0.9016000032424927,6809.22
854,4,flatten,be,15,32,random_indep,0.9017000198364258,7923.33
855,4,flatten,be,21,32,random_indep,0.8998000025749207,8674.63
856,4,flatten,se,1,2,zero,0.38839998841285706,477.25
857,4,flatten,se,3,2,zero,0.4553999900817871,528.37
858,4,flatten,se,5,2,zero,0.4896000027656555,580.22
859,4,flatten,se,7,2,zero,0.4948999881744385,625.28
860,4,flatten,se,1,2,random_fixed,0.4027000069618225,480.4
861,4,flatten,se,3,2,random_fixed,0.4959000051021576,524.21
862,4,flatten,se,5,2,random_fixed,0.5019000172615051,582.92
863,4,flatten,se,7,2,random_fixed,0.486299991607666,626.29
864,4,flatten,se,1,2,random_indep,0.34139999747276306,482.36
865,4,flatten,se,3,2,random_indep,0.45890000462532043,532.87
866,4,flatten,se,5,2,random_indep,0.4848000109195709,542.97
867,4,flatten,se,7,2,random_indep,0.5012999773025513,621.91
868,4,flatten,se,1,4,zero,0.5726000070571899,900.59
869,4,flatten,se,3,4,zero,0.7081000208854675,922.86
870,4,flatten,se,5,4,zero,0.7480999827384949,1087.77
871,4,flatten,se,7,4,zero,0.7325000166893005,1183.55
872,4,flatten,se,1,4,random_fixed,0.6413999795913696,886.63
873,4,flatten,se,3,4,random_fixed,0.7135000228881836,1008.1
874,4,flatten,se,5,4,random_fixed,0.7450000047683716,1098.23
875,4,flatten,se,7,4,random_fixed,0.7455999851226807,1202.54
876,4,flatten,se,1,4,random_indep,0.5740000009536743,930.7
877,4,flatten,se,3,4,random_indep,0.746399998664856,1023.68
878,4,flatten,se,5,4,random_indep,0.7459999918937683,1100.26
879,4,flatten,se,7,4,random_indep,0.7526999711990356,1197.26
880,4,flatten,se,1,8,zero,0.7289999723434448,1770.36
881,4,flatten,se,3,8,zero,0.8440999984741211,1958.66
882,4,flatten,se,5,8,zero,0.8424999713897705,2180.16
883,4,flatten,se,7,8,zero,0.8651999831199646,2150.44
884,4,flatten,se,1,8,random_fixed,0.7714999914169312,1785.08
885,4,flatten,se,3,8,random_fixed,0.8420000076293945,1934.08
886,4,flatten,se,5,8,random_fixed,0.8607000112533569,2183.18
887,4,flatten,se,7,8,random_fixed,0.8616999983787537,2383.97
888,4,flatten,se,1,8,random_indep,0.7695000171661377,1790.73
889,4,flatten,se,3,8,random_indep,0.8424000144004822,1950.69
890,4,flatten,se,5,8,random_indep,0.855400025844574,2170.06
891,4,flatten,se,7,8,random_indep,0.8578000068664551,2250.8
892,4,flatten,se,1,16,zero,0.8176000118255615,3218.35
893,4,flatten,se,3,16,zero,0.8913999795913696,3968.9
894,4,flatten,se,5,16,zero,0.8946999907493591,4267.57
895,4,flatten,se,7,16,zero,0.8942999839782715,4767.0
896,4,flatten,se,1,16,random_fixed,0.8547000288963318,3231.35
897,4,flatten,se,3,16,random_fixed,0.8942999839782715,3874.71
898,4,flatten,se,5,16,random_fixed,0.8956999778747559,4299.78
899,4,flatten,se,7,16,random_fixed,0.9002000093460083,4774.69
900,4,flatten,se,1,16,random_indep,0.8449000120162964,3416.36
901,4,flatten,se,3,16,random_indep,0.8873999714851379,3850.7
902,4,flatten,se,5,16,random_indep,0.8956000208854675,4255.78
903,4,flatten,se,7,16,random_indep,0.9002000093460083,4703.23
904,4,flatten,se,1,32,zero,0.8697999715805054,6823.75
905,4,flatten,se,3,32,zero,0.9106000065803528,7862.07
906,4,flatten,se,5,32,zero,0.9139999747276306,8792.74
907,4,flatten,se,7,32,zero,0.9139000177383423,9205.31
908,4,flatten,se,1,32,random_fixed,0.8884000182151794,6929.31
909,4,flatten,se,3,32,random_fixed,0.9092000126838684,7880.03
910,4,flatten,se,5,32,random_fixed,0.9154999852180481,8681.71
911,4,flatten,se,7,32,random_fixed,0.9150999784469604,9532.76
912,4,flatten,se,1,32,random_indep,0.8881000280380249,7050.72
913,4,flatten,se,3,32,random_indep,0.9097999930381775,7812.09
914,4,flatten,se,5,32,random_indep,0.9132999777793884,8067.44
915,4,flatten,se,7,32,random_indep,0.9158999919891357,9284.81
916,4,flatten,random,1,2,zero,0.3131999969482422,394.57
917,4,flatten,random,3,2,zero,0.3686000108718872,361.54
918,4,flatten,random,5,2,zero,0.4219000041484833,430.73
919,4,flatten,random,7,2,zero,0.45750001072883606,441.86
920,4,flatten,random,9,2,zero,0.44859999418258667,470.43
921,4,flatten,random,15,2,zero,0.4900999963283539,518.1
922,4,flatten,random,21,2,zero,0.49779999256134033,568.65
923,4,flatten,random,1,2,random_fixed,0.2818000018596649,391.36
924,4,flatten,random,3,2,random_fixed,0.392300009727478,396.72
925,4,flatten,random,5,2,random_fixed,0.4390999972820282,429.18
926,4,flatten,random,7,2,random_fixed,0.4345000088214874,442.58
927,4,flatten,random,9,2,random_fixed,0.482699990272522,462.9
928,4,flatten,random,15,2,random_fixed,0.49160000681877136,507.83
929,4,flatten,random,21,2,random_fixed,0.4900999963283539,559.74
930,4,flatten,random,1,2,random_indep,0.325300008058548,393.06
931,4,flatten,random,3,2,random_indep,0.412200003862381,409.51
932,4,flatten,random,5,2,random_indep,0.4471000134944916,428.99
933,4,flatten,random,7,2,random_indep,0.46299999952316284,448.1
934,4,flatten,random,9,2,random_indep,0.4422999918460846,470.19
935,4,flatten,random,15,2,random_indep,0.4526999890804291,512.45
936,4,flatten,random,21,2,random_indep,0.4932999908924103,509.68
937,4,flatten,random,1,4,zero,0.41620001196861267,733.5
938,4,flatten,random,3,4,zero,0.5491999983787537,785.86
939,4,flatten,random,5,4,zero,0.6815000176429749,806.45
940,4,flatten,random,7,4,zero,0.699999988079071,773.05
941,4,flatten,random,9,4,zero,0.6779999732971191,874.81
942,4,flatten,random,15,4,zero,0.7285000085830688,994.69
943,4,flatten,random,21,4,zero,0.7443000078201294,1085.35
944,4,flatten,random,1,4,random_fixed,0.43849998712539673,742.28
945,4,flatten,random,3,4,random_fixed,0.5773000121116638,780.13
946,4,flatten,random,5,4,random_fixed,0.6929000020027161,822.19
947,4,flatten,random,7,4,random_fixed,0.6931999921798706,838.15
948,4,flatten,random,9,4,random_fixed,0.6912999749183655,881.87
949,4,flatten,random,15,4,random_fixed,0.7081000208854675,869.61
950,4,flatten,random,21,4,random_fixed,0.7534999847412109,903.61
951,4,flatten,random,1,4,random_indep,0.45080000162124634,737.36
952,4,flatten,random,3,4,random_indep,0.6367999911308289,780.87
953,4,flatten,random,5,4,random_indep,0.652999997138977,824.08
954,4,flatten,random,7,4,random_indep,0.6679999828338623,845.56
955,4,flatten,random,9,4,random_indep,0.7128999829292297,882.94
956,4,flatten,random,15,4,random_indep,0.7264000177383423,996.41
957,4,flatten,random,21,4,random_indep,0.7533000111579895,1086.27
958,4,flatten,random,1,8,zero,0.527400016784668,1428.75
959,4,flatten,random,3,8,zero,0.7239000201225281,1493.95
960,4,flatten,random,5,8,zero,0.7861999869346619,1591.51
961,4,flatten,random,7,8,zero,0.8133000135421753,1654.35
962,4,flatten,random,9,8,zero,0.8080000281333923,1630.3
963,4,flatten,random,15,8,zero,0.847000002861023,1941.7
964,4,flatten,random,21,8,zero,0.8460999727249146,2163.0
965,4,flatten,random,1,8,random_fixed,0.5917999744415283,1420.03
966,4,flatten,random,3,8,random_fixed,0.7864000201225281,1521.24
967,4,flatten,random,5,8,random_fixed,0.8141000270843506,1611.67
968,4,flatten,random,7,8,random_fixed,0.8179000020027161,1687.3
969,4,flatten,random,9,8,random_fixed,0.84579998254776,1700.93
970,4,flatten,random,15,8,random_fixed,0.8553000092506409,1973.34
971,4,flatten,random,21,8,random_fixed,0.8618999719619751,2168.14
972,4,flatten,random,1,8,random_indep,0.6722999811172485,1426.03
973,4,flatten,random,3,8,random_indep,0.7749000191688538,1523.83
974,4,flatten,random,5,8,random_indep,0.8155999779701233,1562.03
975,4,flatten,random,7,8,random_indep,0.8202999830245972,1635.36
976,4,flatten,random,9,8,random_indep,0.8210999965667725,1716.98
977,4,flatten,random,15,8,random_indep,0.8561999797821045,1878.82
978,4,flatten,random,21,8,random_indep,0.862500011920929,2079.68
979,4,flatten,random,1,16,zero,0.5968000292778015,2823.57
980,4,flatten,random,3,16,zero,0.8238000273704529,2956.17
981,4,flatten,random,5,16,zero,0.863099992275238,3038.45
982,4,flatten,random,7,16,zero,0.8805999755859375,3224.96
983,4,flatten,random,9,16,zero,0.8766000270843506,3366.45
984,4,flatten,random,15,16,zero,0.8914999961853027,3780.03
985,4,flatten,random,21,16,zero,0.8949000239372253,4222.01
986,4,flatten,random,1,16,random_fixed,0.6887999773025513,2765.15
987,4,flatten,random,3,16,random_fixed,0.8662999868392944,2939.79
988,4,flatten,random,5,16,random_fixed,0.8686000108718872,2894.78
989,4,flatten,random,7,16,random_fixed,0.8774999976158142,3254.78
990,4,flatten,random,9,16,random_fixed,0.885699987411499,3377.54
991,4,flatten,random,15,16,random_fixed,0.8913999795913696,3834.39
992,4,flatten,random,21,16,random_fixed,0.8974000215530396,4221.48
993,4,flatten,random,1,16,random_indep,0.7918000221252441,2790.96
994,4,flatten,random,3,16,random_indep,0.8489999771118164,2675.68
995,4,flatten,random,5,16,random_indep,0.869700014591217,3093.7
996,4,flatten,random,7,16,random_indep,0.8844000101089478,3248.4
997,4,flatten,random,9,16,random_indep,0.8866999745368958,3377.3
998,4,flatten,random,15,16,random_indep,0.8938999772071838,3775.32
999,4,flatten,random,21,16,random_indep,0.8967000246047974,4085.57
1000,4,flatten,random,1,32,zero,0.6309999823570251,5626.18
1001,4,flatten,random,3,32,zero,0.8751000165939331,5763.98
1002,4,flatten,random,5,32,zero,0.8992000222206116,6064.98
1003,4,flatten,random,7,32,zero,0.9013000130653381,6207.78
1004,4,flatten,random,9,32,zero,0.90420001745224,6346.94
1005,4,flatten,random,15,32,zero,0.9121000170707703,7303.76
1006,4,flatten,random,21,32,zero,0.9107000231742859,8491.2
1007,4,flatten,random,1,32,random_fixed,0.8014000058174133,5565.18
1008,4,flatten,random,3,32,random_fixed,0.892300009727478,5781.39
1009,4,flatten,random,5,32,random_fixed,0.9042999744415283,6169.32
1010,4,flatten,random,7,32,random_fixed,0.9065999984741211,6527.29
1011,4,flatten,random,9,32,random_fixed,0.9039000272750854,6805.03
1012,4,flatten,random,15,32,random_fixed,0.911899983882904,7345.81
1013,4,flatten,random,21,32,random_fixed,0.9136999845504761,8373.44
1014,4,flatten,random,1,32,random_indep,0.8490999937057495,5565.01
1015,4,flatten,random,3,32,random_indep,0.8899999856948853,5906.63
1016,4,flatten,random,5,32,random_indep,0.9017000198364258,6115.72
1017,4,flatten,random,7,32,random_indep,0.9075999855995178,6328.07
1018,4,flatten,random,9,32,random_indep,0.9103000164031982,6808.44
1019,4,flatten,random,15,32,random_indep,0.9136999845504761,7754.44
1020,4,flatten,random,21,32,random_indep,0.9144999980926514,8423.02
1021,4,flatten,random_indep,1,2,zero,0.25110000371932983,316.39
1022,4,flatten,random_indep,3,2,zero,0.39169999957084656,419.14
1023,4,flatten,random_indep,5,2,zero,0.39399999380111694,347.97
1024,4,flatten,random_indep,7,2,zero,0.3919000029563904,450.15
1025,4,flatten,random_indep,9,2,zero,0.4399999976158142,471.61
1026,4,flatten,random_indep,15,2,zero,0.4422999918460846,527.13
1027,4,flatten,random_indep,21,2,zero,0.4934999942779541,541.99
1028,4,flatten,random_indep,1,2,random_fixed,0.314300000667572,399.9
1029,4,flatten,random_indep,3,2,random_fixed,0.40389999747276306,415.59
1030,4,flatten,random_indep,5,2,random_fixed,0.43290001153945923,430.18
1031,4,flatten,random_indep,7,2,random_fixed,0.4422000050544739,452.43
1032,4,flatten,random_indep,9,2,random_fixed,0.4884999990463257,473.72
1033,4,flatten,random_indep,15,2,random_fixed,0.5027999877929688,521.98
1034,4,flatten,random_indep,21,2,random_fixed,0.4514999985694885,581.19
1035,4,flatten,random_indep,1,2,random_indep,0.3379000127315521,322.79
1036,4,flatten,random_indep,3,2,random_indep,0.3246000111103058,409.55
1037,4,flatten,random_indep,5,2,random_indep,0.4424999952316284,438.1
1038,4,flatten,random_indep,7,2,random_indep,0.42910000681877136,455.97
1039,4,flatten,random_indep,9,2,random_indep,0.4260999858379364,458.54
1040,4,flatten,random_indep,15,2,random_indep,0.4885999858379364,529.82
1041,4,flatten,random_indep,21,2,random_indep,0.508400022983551,577.89
1042,4,flatten,random_indep,1,4,zero,0.4578000009059906,742.54
1043,4,flatten,random_indep,3,4,zero,0.6675999760627747,780.34
1044,4,flatten,random_indep,5,4,zero,0.6294000148773193,787.41
1045,4,flatten,random_indep,7,4,zero,0.6682999730110168,841.15
1046,4,flatten,random_indep,9,4,zero,0.6934999823570251,894.3
1047,4,flatten,random_indep,15,4,zero,0.7279000282287598,992.26
1048,4,flatten,random_indep,21,4,zero,0.7347000241279602,1101.27
1049,4,flatten,random_indep,1,4,random_fixed,0.4334999918937683,743.54
1050,4,flatten,random_indep,3,4,random_fixed,0.554099977016449,795.2
1051,4,flatten,random_indep,5,4,random_fixed,0.6504999995231628,815.85
1052,4,flatten,random_indep,7,4,random_fixed,0.6690999865531921,843.77
1053,4,flatten,random_indep,9,4,random_fixed,0.661300003528595,882.26
1054,4,flatten,random_indep,15,4,random_fixed,0.7414000034332275,995.05
1055,4,flatten,random_indep,21,4,random_fixed,0.7400000095367432,1101.31
1056,4,flatten,random_indep,1,4,random_indep,0.44449999928474426,745.03
1057,4,flatten,random_indep,3,4,random_indep,0.6014000177383423,790.11
1058,4,flatten,random_indep,5,4,random_indep,0.6947000026702881,823.89
1059,4,flatten,random_indep,7,4,random_indep,0.6546000242233276,868.97
1060,4,flatten,random_indep,9,4,random_indep,0.7150999903678894,906.8
1061,4,flatten,random_indep,15,4,random_indep,0.7610999941825867,1017.7
1062,4,flatten,random_indep,21,4,random_indep,0.743399977684021,1115.98
1063,4,flatten,random_indep,1,8,zero,0.5683000087738037,1442.8
1064,4,flatten,random_indep,3,8,zero,0.7479000091552734,1495.59
1065,4,flatten,random_indep,5,8,zero,0.7896000146865845,1590.67
1066,4,flatten,random_indep,7,8,zero,0.8032000064849854,1674.66
1067,4,flatten,random_indep,9,8,zero,0.8190000057220459,1745.02
1068,4,flatten,random_indep,15,8,zero,0.8560000061988831,1968.41
1069,4,flatten,random_indep,21,8,zero,0.8580999970436096,2208.06
1070,4,flatten,random_indep,1,8,random_fixed,0.6230000257492065,1445.58
1071,4,flatten,random_indep,3,8,random_fixed,0.7667999863624573,1428.28
1072,4,flatten,random_indep,5,8,random_fixed,0.8137000203132629,1395.58
1073,4,flatten,random_indep,7,8,random_fixed,0.8144000172615051,1682.29
1074,4,flatten,random_indep,9,8,random_fixed,0.8396000266075134,1764.42
1075,4,flatten,random_indep,15,8,random_fixed,0.8492000102996826,1937.31
1076,4,flatten,random_indep,21,8,random_fixed,0.8571000099182129,2191.57
1077,4,flatten,random_indep,1,8,random_indep,0.630299985408783,1369.0
1078,4,flatten,random_indep,3,8,random_indep,0.7724000215530396,1536.02
1079,4,flatten,random_indep,5,8,random_indep,0.7759000062942505,1559.28
1080,4,flatten,random_indep,7,8,random_indep,0.8061000108718872,1613.12
1081,4,flatten,random_indep,9,8,random_indep,0.8389000296592712,1650.68
1082,4,flatten,random_indep,15,8,random_indep,0.8518000245094299,1947.92
1083,4,flatten,random_indep,21,8,random_indep,0.8583999872207642,2161.32
1084,4,flatten,random_indep,1,16,zero,0.7059000134468079,2826.36
1085,4,flatten,random_indep,3,16,zero,0.8260999917984009,2939.11
1086,4,flatten,random_indep,5,16,zero,0.8702999949455261,2886.58
1087,4,flatten,random_indep,7,16,zero,0.8769999742507935,3237.95
1088,4,flatten,random_indep,9,16,zero,0.8809000253677368,3358.53
1089,4,flatten,random_indep,15,16,zero,0.8902000188827515,3771.14
1090,4,flatten,random_indep,21,16,zero,0.8942999839782715,4210.57
1091,4,flatten,random_indep,1,16,random_fixed,0.7757999897003174,2731.97
1092,4,flatten,random_indep,3,16,random_fixed,0.8411999940872192,2964.05
1093,4,flatten,random_indep,5,16,random_fixed,0.8661999702453613,2722.92
1094,4,flatten,random_indep,7,16,random_fixed,0.8791999816894531,3110.64
1095,4,flatten,random_indep,9,16,random_fixed,0.887499988079071,3445.81
1096,4,flatten,random_indep,15,16,random_fixed,0.8955000042915344,3845.31
1097,4,flatten,random_indep,21,16,random_fixed,0.8950999975204468,4271.1
1098,4,flatten,random_indep,1,16,random_indep,0.769599974155426,2833.43
1099,4,flatten,random_indep,3,16,random_indep,0.8374000191688538,2928.94
1100,4,flatten,random_indep,5,16,random_indep,0.8587999939918518,3055.41
1101,4,flatten,random_indep,7,16,random_indep,0.8797000050544739,3270.17
1102,4,flatten,random_indep,9,16,random_indep,0.8860999941825867,3149.09
1103,4,flatten,random_indep,15,16,random_indep,0.8906000256538391,3826.18
1104,4,flatten,random_indep,21,16,random_indep,0.8984000086784363,4316.03
1105,4,flatten,random_indep,1,32,zero,0.7986999750137329,5682.76
1106,4,flatten,random_indep,3,32,zero,0.8859000205993652,5804.65
1107,4,flatten,random_indep,5,32,zero,0.8959000110626221,6186.17
1108,4,flatten,random_indep,7,32,zero,0.9039999842643738,6681.1
1109,4,flatten,random_indep,9,32,zero,0.9042999744415283,6937.87
1110,4,flatten,random_indep,15,32,zero,0.9121999740600586,7639.73
1111,4,flatten,random_indep,21,32,zero,0.914900004863739,8482.73
1112,4,flatten,random_indep,1,32,random_fixed,0.8496000170707703,4918.53
1113,4,flatten,random_indep,3,32,random_fixed,0.8909000158309937,5871.4
1114,4,flatten,random_indep,5,32,random_fixed,0.901199996471405,6316.5
1115,4,flatten,random_indep,7,32,random_fixed,0.9053000211715698,6615.78
1116,4,flatten,random_indep,9,32,random_fixed,0.9077000021934509,6864.43
1117,4,flatten,random_indep,15,32,random_fixed,0.9135000109672546,7774.81
1118,4,flatten,random_indep,21,32,random_fixed,0.9140999913215637,8637.84
1119,4,flatten,random_indep,1,32,random_indep,0.8547999858856201,5696.79
1120,4,flatten,random_indep,3,32,random_indep,0.8842999935150146,5914.67
1121,4,flatten,random_indep,5,32,random_indep,0.8984000086784363,6148.0
1122,4,flatten,random_indep,7,32,random_indep,0.9057999849319458,6542.16
1123,4,flatten,random_indep,9,32,random_indep,0.9067000150680542,6866.55
1124,4,flatten,random_indep,15,32,random_indep,0.9136999845504761,7583.65
1125,4,flatten,random_indep,21,32,random_indep,0.9154999852180481,8611.77
1126,4,pauli,be,1,2,zero,0.3183000087738037,405.17
1127,4,pauli,be,3,2,zero,0.40119999647140503,378.38
1128,4,pauli,be,5,2,zero,0.4390999972820282,439.28
1129,4,pauli,be,7,2,zero,0.42480000853538513,455.0
1130,4,pauli,be,9,2,zero,0.36250001192092896,474.36
1131,4,pauli,be,15,2,zero,0.4251999855041504,540.5
1132,4,pauli,be,21,2,zero,0.34040001034736633,507.22
1133,4,pauli,be,1,2,random_fixed,0.24150000512599945,402.92
1134,4,pauli,be,3,2,random_fixed,0.3955000042915344,428.5
1135,4,pauli,be,5,2,random_fixed,0.3483999967575073,442.45
1136,4,pauli,be,7,2,random_fixed,0.33309999108314514,466.56
1137,4,pauli,be,9,2,random_fixed,0.36880001425743103,478.85
1138,4,pauli,be,15,2,random_fixed,0.3513000011444092,482.17
1139,4,pauli,be,21,2,random_fixed,0.3375000059604645,557.73
1140,4,pauli,be,1,2,random_indep,0.36419999599456787,405.53
1141,4,pauli,be,3,2,random_indep,0.3684999942779541,421.72
1142,4,pauli,be,5,2,random_indep,0.3375999927520752,441.55
1143,4,pauli,be,7,2,random_indep,0.3808000087738037,464.48
1144,4,pauli,be,9,2,random_indep,0.3849000036716461,481.54
1145,4,pauli,be,15,2,random_indep,0.326200008392334,502.9
1146,4,pauli,be,21,2,random_indep,0.3993000090122223,492.96
1147,4,pauli,be,1,4,zero,0.4603999853134155,743.69
1148,4,pauli,be,3,4,zero,0.5823000073432922,665.19
1149,4,pauli,be,5,4,zero,0.6086999773979187,831.22
1150,4,pauli,be,7,4,zero,0.597100019454956,868.01
1151,4,pauli,be,9,4,zero,0.6141999959945679,895.64
1152,4,pauli,be,15,4,zero,0.6565999984741211,1033.46
1153,4,pauli,be,21,4,zero,0.6491000056266785,1133.88
1154,4,pauli,be,1,4,random_fixed,0.43970000743865967,753.55
1155,4,pauli,be,3,4,random_fixed,0.5670999884605408,734.81
1156,4,pauli,be,5,4,random_fixed,0.5514000058174133,826.49
1157,4,pauli,be,7,4,random_fixed,0.5339000225067139,786.23
1158,4,pauli,be,9,4,random_fixed,0.6434999704360962,876.6
1159,4,pauli,be,15,4,random_fixed,0.5647000074386597,997.32
1160,4,pauli,be,21,4,random_fixed,0.548799991607666,1115.27
1161,4,pauli,be,1,4,random_indep,0.4108999967575073,762.3
1162,4,pauli,be,3,4,random_indep,0.5440000295639038,791.19
1163,4,pauli,be,5,4,random_indep,0.6272000074386597,842.9
1164,4,pauli,be,7,4,random_indep,0.5723000168800354,855.88
1165,4,pauli,be,9,4,random_indep,0.5827999711036682,891.8
1166,4,pauli,be,15,4,random_indep,0.6434000134468079,973.91
1167,4,pauli,be,21,4,random_indep,0.5949000120162964,850.77
1168,4,pauli,be,1,8,zero,0.666700005531311,1476.38
1169,4,pauli,be,3,8,zero,0.771399974822998,1506.12
1170,4,pauli,be,5,8,zero,0.7972999811172485,1612.67
1171,4,pauli,be,7,8,zero,0.7924000024795532,1642.69
1172,4,pauli,be,9,8,zero,0.7946000099182129,1739.3
1173,4,pauli,be,15,8,zero,0.7882000207901001,1882.89
1174,4,pauli,be,21,8,zero,0.8027999997138977,2240.91
1175,4,pauli,be,1,8,random_fixed,0.5530999898910522,1495.03
1176,4,pauli,be,3,8,random_fixed,0.7444000244140625,1544.49
1177,4,pauli,be,5,8,random_fixed,0.6794000267982483,1619.5
1178,4,pauli,be,7,8,random_fixed,0.678600013256073,1688.49
1179,4,pauli,be,9,8,random_fixed,0.7937999963760376,1772.09
1180,4,pauli,be,15,8,random_fixed,0.7538999915122986,1961.57
1181,4,pauli,be,21,8,random_fixed,0.7106999754905701,2179.4
1182,4,pauli,be,1,8,random_indep,0.6549000144004822,1481.85
1183,4,pauli,be,3,8,random_indep,0.7335000038146973,1549.02
1184,4,pauli,be,5,8,random_indep,0.7462000250816345,1572.83
1185,4,pauli,be,7,8,random_indep,0.7663999795913696,1655.32
1186,4,pauli,be,9,8,random_indep,0.7705000042915344,1673.3
1187,4,pauli,be,15,8,random_indep,0.7609999775886536,1901.2
1188,4,pauli,be,21,8,random_indep,0.7804999947547913,2137.52
1189,4,pauli,be,1,16,zero,0.7530999779701233,2811.99
1190,4,pauli,be,3,16,zero,0.852400004863739,2817.92
1191,4,pauli,be,5,16,zero,0.8597999811172485,3092.21
1192,4,pauli,be,7,16,zero,0.8547999858856201,3249.43
1193,4,pauli,be,9,16,zero,0.8618000149726868,3438.67
1194,4,pauli,be,15,16,zero,0.8623999953269958,3849.79
1195,4,pauli,be,21,16,zero,0.8593000173568726,4242.8
1196,4,pauli,be,1,16,random_fixed,0.6545000076293945,2776.13
1197,4,pauli,be,3,16,random_fixed,0.8230999708175659,2589.25
1198,4,pauli,be,5,16,random_fixed,0.7967000007629395,3137.22
1199,4,pauli,be,7,16,random_fixed,0.8059999942779541,3167.04
1200,4,pauli,be,9,16,random_fixed,0.8497999906539917,3309.78
1201,4,pauli,be,15,16,random_fixed,0.839900016784668,3917.29
1202,4,pauli,be,21,16,random_fixed,0.8066999912261963,4414.11
1203,4,pauli,be,1,16,random_indep,0.7843000292778015,2754.3
1204,4,pauli,be,3,16,random_indep,0.833899974822998,2965.46
1205,4,pauli,be,5,16,random_indep,0.8439000248908997,2923.86
1206,4,pauli,be,7,16,random_indep,0.8568000197410583,3155.97
1207,4,pauli,be,9,16,random_indep,0.8514999747276306,3445.51
1208,4,pauli,be,15,16,random_indep,0.8500999808311462,3653.59
1209,4,pauli,be,21,16,random_indep,0.8435999751091003,4331.72
1210,4,pauli,be,1,32,zero,0.8240000009536743,5576.32
1211,4,pauli,be,3,32,zero,0.8848000168800354,5956.71
1212,4,pauli,be,5,32,zero,0.8913000226020813,6191.46
1213,4,pauli,be,7,32,zero,0.8974999785423279,6399.02
1214,4,pauli,be,9,32,zero,0.8935999870300293,6945.6
1215,4,pauli,be,15,32,zero,0.8937000036239624,7365.84
1216,4,pauli,be,21,32,zero,0.8934999704360962,8610.9
1217,4,pauli,be,1,32,random_fixed,0.7386999726295471,5578.39
1218,4,pauli,be,3,32,random_fixed,0.8636999726295471,5934.96
1219,4,pauli,be,5,32,random_fixed,0.8546000123023987,6318.11
1220,4,pauli,be,7,32,random_fixed,0.8633999824523926,6599.65
1221,4,pauli,be,9,32,random_fixed,0.8848999738693237,6774.18
1222,4,pauli,be,15,32,random_fixed,0.8748000264167786,7661.35
1223,4,pauli,be,21,32,random_fixed,0.8657000064849854,8681.26
1224,4,pauli,be,1,32,random_indep,0.8632000088691711,5637.13
1225,4,pauli,be,3,32,random_indep,0.8884000182151794,6064.28
1226,4,pauli,be,5,32,random_indep,0.8950999975204468,6243.94
1227,4,pauli,be,7,32,random_indep,0.891700029373169,6410.21
1228,4,pauli,be,9,32,random_indep,0.88919997215271,7005.5
1229,4,pauli,be,15,32,random_indep,0.8950999975204468,7733.97
1230,4,pauli,be,21,32,random_indep,0.8934000134468079,8804.9
1231,4,pauli,se,1,2,zero,0.38420000672340393,487.09
1232,4,pauli,se,3,2,zero,0.5091000199317932,539.89
1233,4,pauli,se,5,2,zero,0.5076000094413757,594.12
1234,4,pauli,se,7,2,zero,0.5356000065803528,633.9
1235,4,pauli,se,1,2,random_fixed,0.4320000112056732,494.42
1236,4,pauli,se,3,2,random_fixed,0.4927999973297119,537.93
1237,4,pauli,se,5,2,random_fixed,0.5325000286102295,479.19
1238,4,pauli,se,7,2,random_fixed,0.5414999723434448,638.55
1239,4,pauli,se,1,2,random_indep,0.48980000615119934,476.39
1240,4,pauli,se,3,2,random_indep,0.5267000198364258,541.42
1241,4,pauli,se,5,2,random_indep,0.5357000231742859,564.59
1242,4,pauli,se,7,2,random_indep,0.5428000092506409,626.33
1243,4,pauli,se,1,4,zero,0.5763000249862671,916.97
1244,4,pauli,se,3,4,zero,0.7405999898910522,947.8
1245,4,pauli,se,5,4,zero,0.7731999754905701,1041.58
1246,4,pauli,se,7,4,zero,0.7627000212669373,1139.76
1247,4,pauli,se,1,4,random_fixed,0.6449000239372253,902.71
1248,4,pauli,se,3,4,random_fixed,0.763700008392334,978.16
1249,4,pauli,se,5,4,random_fixed,0.7630000114440918,1113.85
1250,4,pauli,se,7,4,random_fixed,0.7372999787330627,1213.78
1251,4,pauli,se,1,4,random_indep,0.6466000080108643,919.98
1252,4,pauli,se,3,4,random_indep,0.7588000297546387,1010.59
1253,4,pauli,se,5,4,random_indep,0.7685999870300293,1117.9
1254,4,pauli,se,7,4,random_indep,0.7547000050544739,1220.25
1255,4,pauli,se,1,8,zero,0.7688000202178955,1757.7
1256,4,pauli,se,3,8,zero,0.8743000030517578,1978.03
1257,4,pauli,se,5,8,zero,0.8659999966621399,2181.29
1258,4,pauli,se,7,8,zero,0.8722000122070312,2371.23
1259,4,pauli,se,1,8,random_fixed,0.7936000227928162,1784.26
1260,4,pauli,se,3,8,random_fixed,0.8725000023841858,2002.59
1261,4,pauli,se,5,8,random_fixed,0.8773000240325928,2187.66
1262,4,pauli,se,7,8,random_fixed,0.8756999969482422,2335.94
1263,4,pauli,se,1,8,random_indep,0.7847999930381775,1718.61
1264,4,pauli,se,3,8,random_indep,0.8655999898910522,1959.21
1265,4,pauli,se,5,8,random_indep,0.8683000206947327,2142.87
1266,4,pauli,se,7,8,random_indep,0.8655999898910522,2263.29
1267,4,pauli,se,1,16,zero,0.8335000276565552,3406.23
1268,4,pauli,se,3,16,zero,0.8999000191688538,3915.6
1269,4,pauli,se,5,16,zero,0.9068999886512756,3954.24
1270,4,pauli,se,7,16,zero,0.907800018787384,4770.47
1271,4,pauli,se,1,16,random_fixed,0.8555999994277954,3573.83
1272,4,pauli,se,3,16,random_fixed,0.9027000069618225,3989.37
1273,4,pauli,se,5,16,random_fixed,0.9064000248908997,4357.4
1274,4,pauli,se,7,16,random_fixed,0.9067999720573425,4721.3
1275,4,pauli,se,1,16,random_indep,0.8683000206947327,3511.56
1276,4,pauli,se,3,16,random_indep,0.9014999866485596,3916.63
1277,4,pauli,se,5,16,random_indep,0.907800018787384,4346.96
1278,4,pauli,se,7,16,random_indep,0.906499981880188,4789.17
1279,4,pauli,se,1,32,zero,0.8845000267028809,7032.88
1280,4,pauli,se,3,32,zero,0.9150999784469604,7737.49
1281,4,pauli,se,5,32,zero,0.9161999821662903,8775.15
1282,4,pauli,se,7,32,zero,0.9187999963760376,9704.92
1283,4,pauli,se,1,32,random_fixed,0.9003000259399414,7136.12
1284,4,pauli,se,3,32,random_fixed,0.9132000207901001,7691.55
1285,4,pauli,se,5,32,random_fixed,0.9151999950408936,8725.95
1286,4,pauli,se,7,32,random_fixed,0.9190999865531921,9692.41
1287,4,pauli,se,1,32,random_indep,0.8952999711036682,6792.99
1288,4,pauli,se,3,32,random_indep,0.9136000275611877,7957.77
1289,4,pauli,se,5,32,random_indep,0.9165999889373779,8624.33
1290,4,pauli,se,7,32,random_indep,0.9189000129699707,9492.76
1291,4,pauli,random,1,2,zero,0.26579999923706055,382.27
1292,4,pauli,random,3,2,zero,0.4009999930858612,410.19
1293,4,pauli,random,5,2,zero,0.5117999911308289,429.75
1294,4,pauli,random,7,2,zero,0.4805000126361847,450.03
1295,4,pauli,random,9,2,zero,0.5135999917984009,457.03
1296,4,pauli,random,15,2,zero,0.46799999475479126,526.67
1297,4,pauli,random,21,2,zero,0.5436000227928162,576.48
1298,4,pauli,random,1,2,random_fixed,0.3068999946117401,400.28
1299,4,pauli,random,3,2,random_fixed,0.4368000030517578,418.39
1300,4,pauli,random,5,2,random_fixed,0.5286999940872192,433.86
1301,4,pauli,random,7,2,random_fixed,0.5138000249862671,404.99
1302,4,pauli,random,9,2,random_fixed,0.40869998931884766,477.01
1303,4,pauli,random,15,2,random_fixed,0.4887999892234802,525.67
1304,4,pauli,random,21,2,random_fixed,0.4781999886035919,570.07
1305,4,pauli,random,1,2,random_indep,0.2824000120162964,403.27
1306,4,pauli,random,3,2,random_indep,0.4722000062465668,410.36
1307,4,pauli,random,5,2,random_indep,0.42660000920295715,438.93
1308,4,pauli,random,7,2,random_indep,0.5315999984741211,456.29
1309,4,pauli,random,9,2,random_indep,0.4934999942779541,470.68
1310,4,pauli,random,15,2,random_indep,0.46070000529289246,498.51
1311,4,pauli,random,21,2,random_indep,0.5314000248908997,582.49
1312,4,pauli,random,1,4,zero,0.4196000099182129,693.99
1313,4,pauli,random,3,4,zero,0.6152999997138977,773.26
1314,4,pauli,random,5,4,zero,0.6991999745368958,797.71
1315,4,pauli,random,7,4,zero,0.7258999943733215,856.91
1316,4,pauli,random,9,4,zero,0.7148000001907349,868.88
1317,4,pauli,random,15,4,zero,0.7763000130653381,1005.94
1318,4,pauli,random,21,4,zero,0.7721999883651733,1089.91
1319,4,pauli,random,1,4,random_fixed,0.5141000151634216,691.73
1320,4,pauli,random,3,4,random_fixed,0.646399974822998,777.8
1321,4,pauli,random,5,4,random_fixed,0.7142999768257141,821.49
1322,4,pauli,random,7,4,random_fixed,0.7336000204086304,844.17
1323,4,pauli,random,9,4,random_fixed,0.755299985408783,883.66
1324,4,pauli,random,15,4,random_fixed,0.7610999941825867,1002.95
1325,4,pauli,random,21,4,random_fixed,0.784500002861023,1098.78
1326,4,pauli,random,1,4,random_indep,0.4771000146865845,694.17
1327,4,pauli,random,3,4,random_indep,0.7028999924659729,744.11
1328,4,pauli,random,5,4,random_indep,0.7383000254631042,773.89
1329,4,pauli,random,7,4,random_indep,0.715399980545044,854.24
1330,4,pauli,random,9,4,random_indep,0.7312999963760376,857.98
1331,4,pauli,random,15,4,random_indep,0.7300999760627747,1002.76
1332,4,pauli,random,21,4,random_indep,0.7512000203132629,1106.06
1333,4,pauli,random,1,8,zero,0.5866000056266785,1424.07
1334,4,pauli,random,3,8,zero,0.7605999708175659,1527.15
1335,4,pauli,random,5,8,zero,0.8213000297546387,1604.2
1336,4,pauli,random,7,8,zero,0.8435999751091003,1646.82
1337,4,pauli,random,9,8,zero,0.8400999903678894,1759.7
1338,4,pauli,random,15,8,zero,0.871999979019165,1990.62
1339,4,pauli,random,21,8,zero,0.8769000172615051,2131.67
1340,4,pauli,random,1,8,random_fixed,0.5863000154495239,1504.1
1341,4,pauli,random,3,8,random_fixed,0.7896999716758728,1434.93
1342,4,pauli,random,5,8,random_fixed,0.7942000031471252,1608.95
1343,4,pauli,random,7,8,random_fixed,0.8445000052452087,1635.42
1344,4,pauli,random,9,8,random_fixed,0.8621000051498413,1765.69
1345,4,pauli,random,15,8,random_fixed,0.8637999892234802,1971.63
1346,4,pauli,random,21,8,random_fixed,0.8650000095367432,2134.29
1347,4,pauli,random,1,8,random_indep,0.6805999875068665,1413.35
1348,4,pauli,random,3,8,random_indep,0.8029999732971191,1535.52
1349,4,pauli,random,5,8,random_indep,0.8343999981880188,1451.5
1350,4,pauli,random,7,8,random_indep,0.8590999841690063,1590.96
1351,4,pauli,random,9,8,random_indep,0.8575999736785889,1731.35
1352,4,pauli,random,15,8,random_indep,0.8616999983787537,1899.67
1353,4,pauli,random,21,8,random_indep,0.8730000257492065,2084.72
1354,4,pauli,random,1,16,zero,0.6362000107765198,2772.84
1355,4,pauli,random,3,16,zero,0.8513000011444092,2941.89
1356,4,pauli,random,5,16,zero,0.8745999932289124,3099.68
1357,4,pauli,random,7,16,zero,0.8866000175476074,3203.18
1358,4,pauli,random,9,16,zero,0.896399974822998,3380.99
1359,4,pauli,random,15,16,zero,0.9039999842643738,3809.54
1360,4,pauli,random,21,16,zero,0.9035999774932861,4072.69
1361,4,pauli,random,1,16,random_fixed,0.7213000059127808,2794.59
1362,4,pauli,random,3,16,random_fixed,0.8640999794006348,2801.91
1363,4,pauli,random,5,16,random_fixed,0.8830999732017517,3101.12
1364,4,pauli,random,7,16,random_fixed,0.8921999931335449,3219.48
1365,4,pauli,random,9,16,random_fixed,0.8981000185012817,3303.29
1366,4,pauli,random,15,16,random_fixed,0.9031000137329102,3657.52
1367,4,pauli,random,21,16,random_fixed,0.9049000144004822,4212.71
1368,4,pauli,random,1,16,random_indep,0.7677000164985657,2675.67
1369,4,pauli,random,3,16,random_indep,0.8614000082015991,2895.08
1370,4,pauli,random,5,16,random_indep,0.8840000033378601,2791.86
1371,4,pauli,random,7,16,random_indep,0.88919997215271,3258.67
1372,4,pauli,random,9,16,random_indep,0.8949000239372253,3035.8
1373,4,pauli,random,15,16,random_indep,0.9061999917030334,3798.07
1374,4,pauli,random,21,16,random_indep,0.9045000076293945,4209.94
1375,4,pauli,random,1,32,zero,0.6848000288009644,5611.1
1376,4,pauli,random,3,32,zero,0.8888000249862671,5917.17
1377,4,pauli,random,5,32,zero,0.9010999798774719,6133.99
1378,4,pauli,random,7,32,zero,0.9060999751091003,6379.19
1379,4,pauli,random,9,32,zero,0.9120000004768372,6838.72
1380,4,pauli,random,15,32,zero,0.9150000214576721,7678.81
1381,4,pauli,random,21,32,zero,0.9178000092506409,8497.86
1382,4,pauli,random,1,32,random_fixed,0.8125,5636.51
1383,4,pauli,random,3,32,random_fixed,0.8996999859809875,5869.24
1384,4,pauli,random,5,32,random_fixed,0.9078999757766724,6218.02
1385,4,pauli,random,7,32,random_fixed,0.9108999967575073,6570.68
1386,4,pauli,random,9,32,random_fixed,0.9135000109672546,6635.63
1387,4,pauli,random,15,32,random_fixed,0.9156000018119812,7506.81
1388,4,pauli,random,21,32,random_fixed,0.916700005531311,8525.21
1389,4,pauli,random,1,32,random_indep,0.8651000261306763,5458.73
1390,4,pauli,random,3,32,random_indep,0.8973000049591064,5894.92
1391,4,pauli,random,5,32,random_indep,0.9052000045776367,6189.47
1392,4,pauli,random,7,32,random_indep,0.9126999974250793,6317.5
1393,4,pauli,random,9,32,random_indep,0.913100004196167,6772.87
1394,4,pauli,random,15,32,random_indep,0.9150000214576721,7665.42
1395,4,pauli,random,21,32,random_indep,0.9162999987602234,8495.0
1396,4,pauli,random_indep,1,2,zero,0.23829999566078186,407.64
1397,4,pauli,random_indep,3,2,zero,0.3276999890804291,427.3
1398,4,pauli,random_indep,5,2,zero,0.43309998512268066,404.64
1399,4,pauli,random_indep,7,2,zero,0.41110000014305115,462.48
1400,4,pauli,random_indep,9,2,zero,0.4900999963283539,481.79
1401,4,pauli,random_indep,15,2,zero,0.4803999960422516,536.99
1402,4,pauli,random_indep,21,2,zero,0.4758000075817108,595.26
1403,4,pauli,random_indep,1,2,random_fixed,0.31299999356269836,405.81
1404,4,pauli,random_indep,3,2,random_fixed,0.3686000108718872,420.72
1405,4,pauli,random_indep,5,2,random_fixed,0.37770000100135803,422.84
1406,4,pauli,random_indep,7,2,random_fixed,0.5325000286102295,461.07
1407,4,pauli,random_indep,9,2,random_fixed,0.5504000186920166,477.24
1408,4,pauli,random_indep,15,2,random_fixed,0.5300999879837036,532.09
1409,4,pauli,random_indep,21,2,random_fixed,0.5310999751091003,525.12
1410,4,pauli,random_indep,1,2,random_indep,0.28999999165534973,407.88
1411,4,pauli,random_indep,3,2,random_indep,0.4065000116825104,413.35
1412,4,pauli,random_indep,5,2,random_indep,0.47360000014305115,440.41
1413,4,pauli,random_indep,7,2,random_indep,0.4880000054836273,459.13
1414,4,pauli,random_indep,9,2,random_indep,0.522599995136261,475.11
1415,4,pauli,random_indep,15,2,random_indep,0.5565999746322632,530.53
1416,4,pauli,random_indep,21,2,random_indep,0.5198000073432922,586.23
1417,4,pauli,random_indep,1,4,zero,0.42410001158714294,761.62
1418,4,pauli,random_indep,3,4,zero,0.583299994468689,741.68
1419,4,pauli,random_indep,5,4,zero,0.6912999749183655,812.8
1420,4,pauli,random_indep,7,4,zero,0.715499997138977,859.25
1421,4,pauli,random_indep,9,4,zero,0.7332000136375427,864.06
1422,4,pauli,random_indep,15,4,zero,0.7538999915122986,978.56
1423,4,pauli,random_indep,21,4,zero,0.7694000005722046,1121.29
1424,4,pauli,random_indep,1,4,random_fixed,0.38960000872612,723.27
1425,4,pauli,random_indep,3,4,random_fixed,0.6345999836921692,694.72
1426,4,pauli,random_indep,5,4,random_fixed,0.6876999735832214,795.48
1427,4,pauli,random_indep,7,4,random_fixed,0.758899986743927,859.93
1428,4,pauli,random_indep,9,4,random_fixed,0.7508000135421753,896.32
1429,4,pauli,random_indep,15,4,random_fixed,0.7534000277519226,1006.65
1430,4,pauli,random_indep,21,4,random_fixed,0.7681000232696533,1121.66
1431,4,pauli,random_indep,1,4,random_indep,0.5102999806404114,708.17
1432,4,pauli,random_indep,3,4,random_indep,0.6435999870300293,789.77
1433,4,pauli,random_indep,5,4,random_indep,0.7275999784469604,719.59
1434,4,pauli,random_indep,7,4,random_indep,0.7343999743461609,876.0
1435,4,pauli,random_indep,9,4,random_indep,0.7577000260353088,919.89
1436,4,pauli,random_indep,15,4,random_indep,0.7159000039100647,1024.63
1437,4,pauli,random_indep,21,4,random_indep,0.766700029373169,987.57
1438,4,pauli,random_indep,1,8,zero,0.37869998812675476,1467.53
1439,4,pauli,random_indep,3,8,zero,0.7171000242233276,1539.15
1440,4,pauli,random_indep,5,8,zero,0.8015999794006348,1599.51
1441,4,pauli,random_indep,7,8,zero,0.8341000080108643,1679.13
1442,4,pauli,random_indep,9,8,zero,0.847599983215332,1755.2
1443,4,pauli,random_indep,15,8,zero,0.8765000104904175,1997.45
1444,4,pauli,random_indep,21,8,zero,0.8694000244140625,2166.97
1445,4,pauli,random_indep,1,8,random_fixed,0.6208999752998352,1462.98
1446,4,pauli,random_indep,3,8,random_fixed,0.8077999949455261,1488.35
1447,4,pauli,random_indep,5,8,random_fixed,0.807200014591217,1560.93
1448,4,pauli,random_indep,7,8,random_fixed,0.8366000056266785,1698.55
1449,4,pauli,random_indep,9,8,random_fixed,0.8490999937057495,1718.84
1450,4,pauli,random_indep,15,8,random_fixed,0.857200026512146,2004.57
1451,4,pauli,random_indep,21,8,random_fixed,0.8676000237464905,2153.15
1452,4,pauli,random_indep,1,8,random_indep,0.6704000234603882,1487.52
1453,4,pauli,random_indep,3,8,random_indep,0.794700026512146,1571.95
1454,4,pauli,random_indep,5,8,random_indep,0.8126000165939331,1598.21
1455,4,pauli,random_indep,7,8,random_indep,0.8395000100135803,1654.41
1456,4,pauli,random_indep,9,8,random_indep,0.8593000173568726,1631.01
1457,4,pauli,random_indep,15,8,random_indep,0.8698999881744385,1855.9
1458,4,pauli,random_indep,21,8,random_indep,0.8629000186920166,2181.04
1459,4,pauli,random_indep,1,16,zero,0.6714000105857849,2846.16
1460,4,pauli,random_indep,3,16,zero,0.8481000065803528,2965.25
1461,4,pauli,random_indep,5,16,zero,0.8798999786376953,2873.09
1462,4,pauli,random_indep,7,16,zero,0.8916000127792358,3113.33
1463,4,pauli,random_indep,9,16,zero,0.8977000117301941,3325.03
1464,4,pauli,random_indep,15,16,zero,0.9039999842643738,3886.26
1465,4,pauli,random_indep,21,16,zero,0.9089000225067139,4208.87
1466,4,pauli,random_indep,1,16,random_fixed,0.7559000253677368,2844.4
1467,4,pauli,random_indep,3,16,random_fixed,0.8503999710083008,2918.54
1468,4,pauli,random_indep,5,16,random_fixed,0.8830999732017517,3153.83
1469,4,pauli,random_indep,7,16,random_fixed,0.8924000263214111,3130.83
1470,4,pauli,random_indep,9,16,random_fixed,0.9007999897003174,3361.48
1471,4,pauli,random_indep,15,16,random_fixed,0.9043999910354614,3819.81
1472,4,pauli,random_indep,21,16,random_fixed,0.9067000150680542,4166.25
1473,4,pauli,random_indep,1,16,random_indep,0.7756999731063843,2767.27
1474,4,pauli,random_indep,3,16,random_indep,0.8496999740600586,2892.16
1475,4,pauli,random_indep,5,16,random_indep,0.8820000290870667,2995.01
1476,4,pauli,random_indep,7,16,random_indep,0.890999972820282,3183.92
1477,4,pauli,random_indep,9,16,random_indep,0.8996000289916992,3407.84
1478,4,pauli,random_indep,15,16,random_indep,0.904699981212616,3807.04
1479,4,pauli,random_indep,21,16,random_indep,0.906000018119812,4323.85
1480,4,pauli,random_indep,1,32,zero,0.7904999852180481,5623.72
1481,4,pauli,random_indep,3,32,zero,0.8935999870300293,5949.74
1482,4,pauli,random_indep,5,32,zero,0.9017000198364258,6111.18
1483,4,pauli,random_indep,7,32,zero,0.9085999727249146,6460.35
1484,4,pauli,random_indep,9,32,zero,0.9120000004768372,6809.93
1485,4,pauli,random_indep,15,32,zero,0.9162999987602234,7664.06
1486,4,pauli,random_indep,21,32,zero,0.9169999957084656,8517.25
1487,4,pauli,random_indep,1,32,random_fixed,0.8471999764442444,5651.56
1488,4,pauli,random_indep,3,32,random_fixed,0.8906000256538391,5778.1
1489,4,pauli,random_indep,5,32,random_fixed,0.9039000272750854,6165.6
1490,4,pauli,random_indep,7,32,random_fixed,0.910099983215332,6420.95
1491,4,pauli,random_indep,9,32,random_fixed,0.913100004196167,6747.1
1492,4,pauli,random_indep,15,32,random_fixed,0.9143000245094299,7738.21
1493,4,pauli,random_indep,21,32,random_fixed,0.9175000190734863,8785.77
1494,4,pauli,random_indep,1,32,random_indep,0.8621000051498413,5521.56
1495,4,pauli,random_indep,3,32,random_indep,0.8970999717712402,5974.93
1496,4,pauli,random_indep,5,32,random_indep,0.9052000045776367,6023.69
1497,4,pauli,random_indep,7,32,random_indep,0.9104999899864197,6654.92
1498,4,pauli,random_indep,9,32,random_indep,0.9103000164031982,6750.87
1499,4,pauli,random_indep,15,32,random_indep,0.9160000085830688,7111.1
1500,4,pauli,random_indep,21,32,random_indep,0.9175000190734863,8749.41
1501,14,flatten,be,1,2,zero,0.33959999680519104,403.31
1502,14,flatten,be,3,2,zero,0.4235999882221222,379.97
1503,14,flatten,be,5,2,zero,0.4684999883174896,436.46
1504,14,flatten,be,7,2,zero,0.4124000072479248,455.03
1505,14,flatten,be,9,2,zero,0.41350001096725464,470.56
1506,14,flatten,be,15,2,zero,0.4219000041484833,530.49
1507,14,flatten,be,21,2,zero,0.3910999894142151,518.33
1508,14,flatten,be,1,2,random_fixed,0.29600000381469727,398.96
1509,14,flatten,be,3,2,random_fixed,0.4081999957561493,413.09
1510,14,flatten,be,5,2,random_fixed,0.48159998655319214,437.84
1511,14,flatten,be,7,2,random_fixed,0.3799999952316284,457.44
1512,14,flatten,be,9,2,random_fixed,0.4059999883174896,474.66
1513,14,flatten,be,15,2,random_fixed,0.3634999990463257,529.11
1514,14,flatten,be,21,2,random_fixed,0.4066999852657318,563.26
1515,14,flatten,be,1,2,random_indep,0.3562000095844269,395.73
1516,14,flatten,be,3,2,random_indep,0.40220001339912415,410.78
1517,14,flatten,be,5,2,random_indep,0.3995000123977661,435.37
1518,14,flatten,be,7,2,random_indep,0.43050000071525574,396.42
1519,14,flatten,be,9,2,random_indep,0.4000000059604645,472.43
1520,14,flatten,be,15,2,random_indep,0.44179999828338623,521.47
1521,14,flatten,be,21,2,random_indep,0.38940000534057617,532.84
1522,14,flatten,be,1,4,zero,0.5149000287055969,748.08
1523,14,flatten,be,3,4,zero,0.5849999785423279,760.01
1524,14,flatten,be,5,4,zero,0.6783000230789185,735.2
1525,14,flatten,be,7,4,zero,0.6740000247955322,866.22
1526,14,flatten,be,9,4,zero,0.6658999919891357,896.6
1527,14,flatten,be,15,4,zero,0.6621999740600586,1002.67
1528,14,flatten,be,21,4,zero,0.6187000274658203,1112.28
1529,14,flatten,be,1,4,random_fixed,0.46050000190734863,748.5
1530,14,flatten,be,3,4,random_fixed,0.6075000166893005,787.1
1531,14,flatten,be,5,4,random_fixed,0.5863999724388123,825.98
1532,14,flatten,be,7,4,random_fixed,0.5900999903678894,711.43
1533,14,flatten,be,9,4,random_fixed,0.6603000164031982,844.25
1534,14,flatten,be,15,4,random_fixed,0.6256999969482422,1014.31
1535,14,flatten,be,21,4,random_fixed,0.6227999925613403,1118.52
1536,14,flatten,be,1,4,random_indep,0.49549999833106995,748.14
1537,14,flatten,be,3,4,random_indep,0.6017000079154968,752.43
1538,14,flatten,be,5,4,random_indep,0.6425999999046326,827.75
1539,14,flatten,be,7,4,random_indep,0.6279000043869019,881.76
1540,14,flatten,be,9,4,random_indep,0.6182000041007996,885.13
1541,14,flatten,be,15,4,random_indep,0.6396999955177307,945.55
1542,14,flatten,be,21,4,random_indep,0.6328999996185303,1037.14
1543,14,flatten,be,1,8,zero,0.6074000000953674,1476.6
1544,14,flatten,be,3,8,zero,0.7735000252723694,1535.42
1545,14,flatten,be,5,8,zero,0.8123000264167786,1607.39
1546,14,flatten,be,7,8,zero,0.8062999844551086,1695.22
1547,14,flatten,be,9,8,zero,0.7980999946594238,1456.89
1548,14,flatten,be,15,8,zero,0.796999990940094,1980.75
1549,14,flatten,be,21,8,zero,0.7993000149726868,2224.15
1550,14,flatten,be,1,8,random_fixed,0.5922999978065491,1481.22
1551,14,flatten,be,3,8,random_fixed,0.7328000068664551,1237.73
1552,14,flatten,be,5,8,random_fixed,0.765999972820282,1598.85
1553,14,flatten,be,7,8,random_fixed,0.7523999810218811,1696.15
1554,14,flatten,be,9,8,random_fixed,0.7742999792098999,1732.32
1555,14,flatten,be,15,8,random_fixed,0.7868000268936157,1907.98
1556,14,flatten,be,21,8,random_fixed,0.7634999752044678,2207.58
1557,14,flatten,be,1,8,random_indep,0.640500009059906,1452.7
1558,14,flatten,be,3,8,random_indep,0.7454000115394592,1510.02
1559,14,flatten,be,5,8,random_indep,0.777999997138977,1526.12
1560,14,flatten,be,7,8,random_indep,0.8050000071525574,1578.76
1561,14,flatten,be,9,8,random_indep,0.7804999947547913,1718.39
1562,14,flatten,be,15,8,random_indep,0.7926999926567078,1868.82
1563,14,flatten,be,21,8,random_indep,0.8055999875068665,2178.96
1564,14,flatten,be,1,16,zero,0.7250999808311462,2792.32
1565,14,flatten,be,3,16,zero,0.8557000160217285,2981.53
1566,14,flatten,be,5,16,zero,0.8762999773025513,3113.14
1567,14,flatten,be,7,16,zero,0.8809999823570251,3255.58
1568,14,flatten,be,9,16,zero,0.8687999844551086,3464.22
1569,14,flatten,be,15,16,zero,0.8737000226974487,3926.91
1570,14,flatten,be,21,16,zero,0.8780999779701233,4298.12
1571,14,flatten,be,1,16,random_fixed,0.6947000026702881,2532.95
1572,14,flatten,be,3,16,random_fixed,0.8248000144958496,3020.81
1573,14,flatten,be,5,16,random_fixed,0.8532000184059143,3124.01
1574,14,flatten,be,7,16,random_fixed,0.8482000231742859,3246.15
1575,14,flatten,be,9,16,random_fixed,0.8580999970436096,3463.43
1576,14,flatten,be,15,16,random_fixed,0.8579000234603882,3697.7
1577,14,flatten,be,21,16,random_fixed,0.8590999841690063,4369.52
1578,14,flatten,be,1,16,random_indep,0.784600019454956,2854.24
1579,14,flatten,be,3,16,random_indep,0.8439000248908997,2923.31
1580,14,flatten,be,5,16,random_indep,0.8672999739646912,3153.41
1581,14,flatten,be,7,16,random_indep,0.8605999946594238,3317.83
1582,14,flatten,be,9,16,random_indep,0.864799976348877,3383.83
1583,14,flatten,be,15,16,random_indep,0.8619999885559082,3744.85
1584,14,flatten,be,21,16,random_indep,0.8603000044822693,4360.91
1585,14,flatten,be,1,32,zero,0.8277999758720398,5437.05
1586,14,flatten,be,3,32,zero,0.8917999863624573,5950.49
1587,14,flatten,be,5,32,zero,0.9006999731063843,6313.0
1588,14,flatten,be,7,32,zero,0.9036999940872192,6576.98
1589,14,flatten,be,9,32,zero,0.9049999713897705,6938.32
1590,14,flatten,be,15,32,zero,0.9043999910354614,7549.28
1591,14,flatten,be,21,32,zero,0.9035999774932861,8843.54
1592,14,flatten,be,1,32,random_fixed,0.7846999764442444,5305.73
1593,14,flatten,be,3,32,random_fixed,0.8784999847412109,5925.41
1594,14,flatten,be,5,32,random_fixed,0.8903999924659729,6140.08
1595,14,flatten,be,7,32,random_fixed,0.8830000162124634,6573.48
1596,14,flatten,be,9,32,random_fixed,0.8937000036239624,6690.99
1597,14,flatten,be,15,32,random_fixed,0.8924000263214111,7588.09
1598,14,flatten,be,21,32,random_fixed,0.8876000046730042,8669.39
1599,14,flatten,be,1,32,random_indep,0.8572999835014343,5638.32
1600,14,flatten,be,3,32,random_indep,0.8912000060081482,5567.46
1601,14,flatten,be,5,32,random_indep,0.8974999785423279,6216.49
1602,14,flatten,be,7,32,random_indep,0.9021000266075134,6530.5
1603,14,flatten,be,9,32,random_indep,0.9018999934196472,6903.45
1604,14,flatten,be,15,32,random_indep,0.8980000019073486,7790.59
1605,14,flatten,be,21,32,random_indep,0.9004999995231628,7895.37
1606,14,flatten,se,1,2,zero,0.35839998722076416,478.97
1607,14,flatten,se,3,2,zero,0.5135999917984009,533.59
1608,14,flatten,se,5,2,zero,0.5016999840736389,488.06
1609,14,flatten,se,7,2,zero,0.5313000082969666,575.11
1610,14,flatten,se,1,2,random_fixed,0.39329999685287476,479.86
1611,14,flatten,se,3,2,random_fixed,0.4684999883174896,533.92
1612,14,flatten,se,5,2,random_fixed,0.5135999917984009,583.9
1613,14,flatten,se,7,2,random_fixed,0.4740999937057495,624.16
1614,14,flatten,se,1,2,random_indep,0.3515999913215637,473.51
1615,14,flatten,se,3,2,random_indep,0.5069000124931335,511.3
1616,14,flatten,se,5,2,random_indep,0.4781999886035919,581.54
1617,14,flatten,se,7,2,random_indep,0.5198000073432922,627.75
1618,14,flatten,se,1,4,zero,0.5874999761581421,882.69
1619,14,flatten,se,3,4,zero,0.7117999792098999,999.56
1620,14,flatten,se,5,4,zero,0.725600004196167,1104.73
1621,14,flatten,se,7,4,zero,0.7470999956130981,1192.23
1622,14,flatten,se,1,4,random_fixed,0.6105999946594238,911.45
1623,14,flatten,se,3,4,random_fixed,0.7515000104904175,896.49
1624,14,flatten,se,5,4,random_fixed,0.7488999962806702,1126.44
1625,14,flatten,se,7,4,random_fixed,0.7451000213623047,1154.15
1626,14,flatten,se,1,4,random_indep,0.6172000169754028,919.4
1627,14,flatten,se,3,4,random_indep,0.7422000169754028,1019.68
1628,14,flatten,se,5,4,random_indep,0.722100019454956,854.92
1629,14,flatten,se,7,4,random_indep,0.7540000081062317,1103.23
1630,14,flatten,se,1,8,zero,0.7225000262260437,1830.52
1631,14,flatten,se,3,8,zero,0.8385999798774719,2003.27
1632,14,flatten,se,5,8,zero,0.8535000085830688,2145.92
1633,14,flatten,se,7,8,zero,0.8592000007629395,2356.27
1634,14,flatten,se,1,8,random_fixed,0.7858999967575073,1767.29
1635,14,flatten,se,3,8,random_fixed,0.8468999862670898,1965.84
1636,14,flatten,se,5,8,random_fixed,0.8521000146865845,2082.42
1637,14,flatten,se,7,8,random_fixed,0.8641999959945679,2352.58
1638,14,flatten,se,1,8,random_indep,0.7565000057220459,1800.41
1639,14,flatten,se,3,8,random_indep,0.8388000130653381,1979.48
1640,14,flatten,se,5,8,random_indep,0.8547000288963318,2164.23
1641,14,flatten,se,7,8,random_indep,0.8589000105857849,2335.85
1642,14,flatten,se,1,16,zero,0.8166999816894531,3471.01
1643,14,flatten,se,3,16,zero,0.8913000226020813,3929.54
1644,14,flatten,se,5,16,zero,0.8949999809265137,4322.9
1645,14,flatten,se,7,16,zero,0.8978000283241272,4717.55
1646,14,flatten,se,1,16,random_fixed,0.8465999960899353,3556.64
1647,14,flatten,se,3,16,random_fixed,0.8901000022888184,3868.21
1648,14,flatten,se,5,16,random_fixed,0.8986999988555908,4192.27
1649,14,flatten,se,7,16,random_fixed,0.8981000185012817,4754.19
1650,14,flatten,se,1,16,random_indep,0.8442000150680542,3511.25
1651,14,flatten,se,3,16,random_indep,0.891700029373169,3936.18
1652,14,flatten,se,5,16,random_indep,0.8989999890327454,4179.79
1653,14,flatten,se,7,16,random_indep,0.8999999761581421,4801.24
1654,14,flatten,se,1,32,zero,0.8690000176429749,6933.69
1655,14,flatten,se,3,32,zero,0.9103000164031982,7919.83
1656,14,flatten,se,5,32,zero,0.9143000245094299,8748.43
1657,14,flatten,se,7,32,zero,0.9168000221252441,9312.58
1658,14,flatten,se,1,32,random_fixed,0.888700008392334,6863.37
1659,14,flatten,se,3,32,random_fixed,0.9132000207901001,7913.03
1660,14,flatten,se,5,32,random_fixed,0.9154000282287598,8453.34
1661,14,flatten,se,7,32,random_fixed,0.9157000184059143,9439.38
1662,14,flatten,se,1,32,random_indep,0.8899000287055969,6899.23
1663,14,flatten,se,3,32,random_indep,0.9106000065803528,7696.67
1664,14,flatten,se,5,32,random_indep,0.914900004863739,8689.24
1665,14,flatten,se,7,32,random_indep,0.9156000018119812,9404.82
1666,14,flatten,random,1,2,zero,0.3698999881744385,394.84
1667,14,flatten,random,3,2,zero,0.36160001158714294,411.39
1668,14,flatten,random,5,2,zero,0.4090000092983246,426.5
1669,14,flatten,random,7,2,zero,0.39640000462532043,453.56
1670,14,flatten,random,9,2,zero,0.492000013589859,473.71
1671,14,flatten,random,15,2,zero,0.48410001397132874,512.05
1672,14,flatten,random,21,2,zero,0.49070000648498535,372.25
1673,14,flatten,random,1,2,random_fixed,0.2800000011920929,357.87
1674,14,flatten,random,3,2,random_fixed,0.4068000018596649,414.3
1675,14,flatten,random,5,2,random_fixed,0.4440999925136566,435.02
1676,14,flatten,random,7,2,random_fixed,0.4327999949455261,448.39
1677,14,flatten,random,9,2,random_fixed,0.4699999988079071,467.76
1678,14,flatten,random,15,2,random_fixed,0.4973999857902527,524.96
1679,14,flatten,random,21,2,random_fixed,0.47600001096725464,577.25
1680,14,flatten,random,1,2,random_indep,0.29339998960494995,380.61
1681,14,flatten,random,3,2,random_indep,0.4171000123023987,405.86
1682,14,flatten,random,5,2,random_indep,0.44029998779296875,432.81
1683,14,flatten,random,7,2,random_indep,0.4499000012874603,441.49
1684,14,flatten,random,9,2,random_indep,0.48559999465942383,474.92
1685,14,flatten,random,15,2,random_indep,0.4575999975204468,530.12
1686,14,flatten,random,21,2,random_indep,0.517799973487854,471.3
1687,14,flatten,random,1,4,zero,0.4269999861717224,733.85
1688,14,flatten,random,3,4,zero,0.5900999903678894,800.18
1689,14,flatten,random,5,4,zero,0.6644999980926514,817.86
1690,14,flatten,random,7,4,zero,0.7184000015258789,752.9
1691,14,flatten,random,9,4,zero,0.7099000215530396,906.64
1692,14,flatten,random,15,4,zero,0.7265999913215637,1004.3
1693,14,flatten,random,21,4,zero,0.7208999991416931,1111.58
1694,14,flatten,random,1,4,random_fixed,0.43209999799728394,740.78
1695,14,flatten,random,3,4,random_fixed,0.6080999970436096,767.6
1696,14,flatten,random,5,4,random_fixed,0.637499988079071,827.78
1697,14,flatten,random,7,4,random_fixed,0.7293000221252441,859.41
1698,14,flatten,random,9,4,random_fixed,0.7450000047683716,830.46
1699,14,flatten,random,15,4,random_fixed,0.7325999736785889,1008.5
1700,14,flatten,random,21,4,random_fixed,0.7487999796867371,1119.86
1701,14,flatten,random,1,4,random_indep,0.484499990940094,747.76
1702,14,flatten,random,3,4,random_indep,0.6222000122070312,760.74
1703,14,flatten,random,5,4,random_indep,0.6884999871253967,819.92
1704,14,flatten,random,7,4,random_indep,0.7243000268936157,855.23
1705,14,flatten,random,9,4,random_indep,0.7558000087738037,902.51
1706,14,flatten,random,15,4,random_indep,0.7315999865531921,1003.86
1707,14,flatten,random,21,4,random_indep,0.736299991607666,815.67
1708,14,flatten,random,1,8,zero,0.4828999936580658,1440.82
1709,14,flatten,random,3,8,zero,0.7458000183105469,1517.0
1710,14,flatten,random,5,8,zero,0.7843999862670898,1592.47
1711,14,flatten,random,7,8,zero,0.8342000246047974,1676.67
1712,14,flatten,random,9,8,zero,0.8371000289916992,1698.39
1713,14,flatten,random,15,8,zero,0.8633999824523926,1938.17
1714,14,flatten,random,21,8,zero,0.8557999730110168,2137.45
1715,14,flatten,random,1,8,random_fixed,0.5771999955177307,1392.07
1716,14,flatten,random,3,8,random_fixed,0.7555000185966492,1521.72
1717,14,flatten,random,5,8,random_fixed,0.7976999878883362,1602.92
1718,14,flatten,random,7,8,random_fixed,0.8156999945640564,1691.06
1719,14,flatten,random,9,8,random_fixed,0.8508999943733215,1653.82
1720,14,flatten,random,15,8,random_fixed,0.8586999773979187,1923.84
1721,14,flatten,random,21,8,random_fixed,0.855400025844574,2096.29
1722,14,flatten,random,1,8,random_indep,0.6743999719619751,1385.51
1723,14,flatten,random,3,8,random_indep,0.7623999714851379,1449.49
1724,14,flatten,random,5,8,random_indep,0.8266000151634216,1590.72
1725,14,flatten,random,7,8,random_indep,0.8270999789237976,1664.51
1726,14,flatten,random,9,8,random_indep,0.8436999917030334,1622.53
1727,14,flatten,random,15,8,random_indep,0.8549000024795532,1959.35
1728,14,flatten,random,21,8,random_indep,0.8639000058174133,2164.73
1729,14,flatten,random,1,16,zero,0.5473999977111816,2769.1
1730,14,flatten,random,3,16,zero,0.8363000154495239,2794.68
1731,14,flatten,random,5,16,zero,0.8641999959945679,3117.08
1732,14,flatten,random,7,16,zero,0.8820000290870667,3301.03
1733,14,flatten,random,9,16,zero,0.8931000232696533,3450.01
1734,14,flatten,random,15,16,zero,0.9007999897003174,3720.75
1735,14,flatten,random,21,16,zero,0.8996000289916992,4232.74
1736,14,flatten,random,1,16,random_fixed,0.6990000009536743,2750.2
1737,14,flatten,random,3,16,random_fixed,0.8378000259399414,2936.31
1738,14,flatten,random,5,16,random_fixed,0.8737000226974487,3124.68
1739,14,flatten,random,7,16,random_fixed,0.8845000267028809,3243.11
1740,14,flatten,random,9,16,random_fixed,0.8920000195503235,3398.49
1741,14,flatten,random,15,16,random_fixed,0.8955000042915344,3815.75
1742,14,flatten,random,21,16,random_fixed,0.8996000289916992,4312.81
1743,14,flatten,random,1,16,random_indep,0.795199990272522,2247.04
1744,14,flatten,random,3,16,random_indep,0.8465999960899353,2748.25
1745,14,flatten,random,5,16,random_indep,0.8770999908447266,3111.77
1746,14,flatten,random,7,16,random_indep,0.8885999917984009,3136.95
1747,14,flatten,random,9,16,random_indep,0.8917999863624573,3341.94
1748,14,flatten,random,15,16,random_indep,0.8984000086784363,3869.7
1749,14,flatten,random,21,16,random_indep,0.8974999785423279,4297.06
1750,14,flatten,random,1,32,zero,0.5742999911308289,5525.57
1751,14,flatten,random,3,32,zero,0.8790000081062317,5954.25
1752,14,flatten,random,5,32,zero,0.8928999900817871,5990.94
1753,14,flatten,random,7,32,zero,0.9035999774932861,6522.76
1754,14,flatten,random,9,32,zero,0.9099000096321106,6877.33
1755,14,flatten,random,15,32,zero,0.9139000177383423,7715.1
1756,14,flatten,random,21,32,zero,0.9154000282287598,8334.33
1757,14,flatten,random,1,32,random_fixed,0.7925000190734863,5646.09
1758,14,flatten,random,3,32,random_fixed,0.8931999802589417,5899.63
1759,14,flatten,random,5,32,random_fixed,0.9028000235557556,6227.44
1760,14,flatten,random,7,32,random_fixed,0.90829998254776,6491.25
1761,14,flatten,random,9,32,random_fixed,0.9107999801635742,6862.23
1762,14,flatten,random,15,32,random_fixed,0.9140999913215637,7840.04
1763,14,flatten,random,21,32,random_fixed,0.9147999882698059,8696.44
1764,14,flatten,random,1,32,random_indep,0.8504999876022339,5504.84
1765,14,flatten,random,3,32,random_indep,0.8888999819755554,5667.69
1766,14,flatten,random,5,32,random_indep,0.9031999707221985,6190.68
1767,14,flatten,random,7,32,random_indep,0.9097999930381775,6489.79
1768,14,flatten,random,9,32,random_indep,0.9120000004768372,6899.61
1769,14,flatten,random,15,32,random_indep,0.9138000011444092,7868.82
1770,14,flatten,random,21,32,random_indep,0.9144999980926514,8719.74
1771,14,flatten,random_indep,1,2,zero,0.3165000081062317,397.34
1772,14,flatten,random_indep,3,2,zero,0.39329999685287476,411.56
1773,14,flatten,random_indep,5,2,zero,0.4041999876499176,416.36
1774,14,flatten,random_indep,7,2,zero,0.47110000252723694,445.77
1775,14,flatten,random_indep,9,2,zero,0.43619999289512634,460.53
1776,14,flatten,random_indep,15,2,zero,0.5184999704360962,489.73
1777,14,flatten,random_indep,21,2,zero,0.51419997215271,561.22
1778,14,flatten,random_indep,1,2,random_fixed,0.32850000262260437,312.46
1779,14,flatten,random_indep,3,2,random_fixed,0.46129998564720154,412.75
1780,14,flatten,random_indep,5,2,random_fixed,0.453000009059906,378.77
1781,14,flatten,random_indep,7,2,random_fixed,0.4239000082015991,451.88
1782,14,flatten,random_indep,9,2,random_fixed,0.4625999927520752,469.17
1783,14,flatten,random_indep,15,2,random_fixed,0.498199999332428,484.84
1784,14,flatten,random_indep,21,2,random_fixed,0.5611000061035156,573.57
1785,14,flatten,random_indep,1,2,random_indep,0.2858000099658966,394.73
1786,14,flatten,random_indep,3,2,random_indep,0.4122999906539917,410.27
1787,14,flatten,random_indep,5,2,random_indep,0.41839998960494995,428.45
1788,14,flatten,random_indep,7,2,random_indep,0.43880000710487366,453.88
1789,14,flatten,random_indep,9,2,random_indep,0.4528000056743622,470.91
1790,14,flatten,random_indep,15,2,random_indep,0.47290000319480896,524.37
1791,14,flatten,random_indep,21,2,random_indep,0.48669999837875366,582.01
1792,14,flatten,random_indep,1,4,zero,0.44350001215934753,749.49
1793,14,flatten,random_indep,3,4,zero,0.6326000094413757,644.45
1794,14,flatten,random_indep,5,4,zero,0.6349999904632568,808.98
1795,14,flatten,random_indep,7,4,zero,0.7289000153541565,840.71
1796,14,flatten,random_indep,9,4,zero,0.7050999999046326,886.14
1797,14,flatten,random_indep,15,4,zero,0.7425000071525574,986.3
1798,14,flatten,random_indep,21,4,zero,0.7287999987602234,1043.71
1799,14,flatten,random_indep,1,4,random_fixed,0.4081999957561493,610.41
1800,14,flatten,random_indep,3,4,random_fixed,0.5651000142097473,780.14
1801,14,flatten,random_indep,5,4,random_fixed,0.6334999799728394,810.35
1802,14,flatten,random_indep,7,4,random_fixed,0.6711999773979187,828.48
1803,14,flatten,random_indep,9,4,random_fixed,0.6680999994277954,875.23
1804,14,flatten,random_indep,15,4,random_fixed,0.7548999786376953,934.65
1805,14,flatten,random_indep,21,4,random_fixed,0.7549999952316284,1098.04
1806,14,flatten,random_indep,1,4,random_indep,0.45559999346733093,701.66
1807,14,flatten,random_indep,3,4,random_indep,0.5537999868392944,782.81
1808,14,flatten,random_indep,5,4,random_indep,0.6237999796867371,823.72
1809,14,flatten,random_indep,7,4,random_indep,0.6723999977111816,865.76
1810,14,flatten,random_indep,9,4,random_indep,0.6908000111579895,916.05
1811,14,flatten,random_indep,15,4,random_indep,0.7365999817848206,1010.96
1812,14,flatten,random_indep,21,4,random_indep,0.7418000102043152,841.6
1813,14,flatten,random_indep,1,8,zero,0.660099983215332,1480.24
1814,14,flatten,random_indep,3,8,zero,0.7411999702453613,1360.66
1815,14,flatten,random_indep,5,8,zero,0.7782999873161316,1593.67
1816,14,flatten,random_indep,7,8,zero,0.8026999831199646,1645.25
1817,14,flatten,random_indep,9,8,zero,0.8149999976158142,1700.12
1818,14,flatten,random_indep,15,8,zero,0.8472999930381775,1494.86
1819,14,flatten,random_indep,21,8,zero,0.8633999824523926,2166.93
1820,14,flatten,random_indep,1,8,random_fixed,0.5946000218391418,1463.74
1821,14,flatten,random_indep,3,8,random_fixed,0.7501999735832214,1538.82
1822,14,flatten,random_indep,5,8,random_fixed,0.7865999937057495,1597.25
1823,14,flatten,random_indep,7,8,random_fixed,0.8123999834060669,1696.43
1824,14,flatten,random_indep,9,8,random_fixed,0.8274999856948853,1758.33
1825,14,flatten,random_indep,15,8,random_fixed,0.8526999950408936,1949.13
1826,14,flatten,random_indep,21,8,random_fixed,0.8626000285148621,2127.06
1827,14,flatten,random_indep,1,8,random_indep,0.6518999934196472,1468.9
1828,14,flatten,random_indep,3,8,random_indep,0.7580000162124634,1552.79
1829,14,flatten,random_indep,5,8,random_indep,0.8015000224113464,1542.62
1830,14,flatten,random_indep,7,8,random_indep,0.8070999979972839,1648.96
1831,14,flatten,random_indep,9,8,random_indep,0.8292999863624573,1700.66
1832,14,flatten,random_indep,15,8,random_indep,0.8492000102996826,1895.19
1833,14,flatten,random_indep,21,8,random_indep,0.8532999753952026,1868.1
1834,14,flatten,random_indep,1,16,zero,0.7494999766349792,2196.73
1835,14,flatten,random_indep,3,16,zero,0.8296999931335449,2401.04
1836,14,flatten,random_indep,5,16,zero,0.8687000274658203,2791.39
1837,14,flatten,random_indep,7,16,zero,0.8748000264167786,2941.46
1838,14,flatten,random_indep,9,16,zero,0.8862000107765198,3070.74
1839,14,flatten,random_indep,15,16,zero,0.8942999839782715,3556.85
1840,14,flatten,random_indep,21,16,zero,0.9016000032424927,4328.75
1841,14,flatten,random_indep,1,16,random_fixed,0.744700014591217,2811.36
1842,14,flatten,random_indep,3,16,random_fixed,0.826200008392334,2958.98
1843,14,flatten,random_indep,5,16,random_fixed,0.8715000152587891,3090.82
1844,14,flatten,random_indep,7,16,random_fixed,0.8838000297546387,3240.91
1845,14,flatten,random_indep,9,16,random_fixed,0.8866000175476074,3427.95
1846,14,flatten,random_indep,15,16,random_fixed,0.8974999785423279,3845.1
1847,14,flatten,random_indep,21,16,random_fixed,0.8980000019073486,4292.75
1848,14,flatten,random_indep,1,16,random_indep,0.7821000218391418,2791.22
1849,14,flatten,random_indep,3,16,random_indep,0.8456000089645386,3007.32
1850,14,flatten,random_indep,5,16,random_indep,0.8716999888420105,3123.54
1851,14,flatten,random_indep,7,16,random_indep,0.8747000098228455,3201.23
1852,14,flatten,random_indep,9,16,random_indep,0.891700029373169,3426.78
1853,14,flatten,random_indep,15,16,random_indep,0.8963000178337097,3851.6
1854,14,flatten,random_indep,21,16,random_indep,0.896399974822998,4303.8
1855,14,flatten,random_indep,1,32,zero,0.7784000039100647,5670.52
1856,14,flatten,random_indep,3,32,zero,0.8866999745368958,5924.19
1857,14,flatten,random_indep,5,32,zero,0.8995000123977661,6243.14
1858,14,flatten,random_indep,7,32,zero,0.9023000001907349,6553.02
1859,14,flatten,random_indep,9,32,zero,0.9085000157356262,6874.54
1860,14,flatten,random_indep,15,32,zero,0.913100004196167,7782.24
1861,14,flatten,random_indep,21,32,zero,0.9146999716758728,8357.65
1862,14,flatten,random_indep,1,32,random_fixed,0.840399980545044,5446.38
1863,14,flatten,random_indep,3,32,random_fixed,0.8889999985694885,5725.99
1864,14,flatten,random_indep,5,32,random_fixed,0.8964999914169312,6103.42
1865,14,flatten,random_indep,7,32,random_fixed,0.9028000235557556,6024.34
1866,14,flatten,random_indep,9,32,random_fixed,0.9107000231742859,6675.14
1867,14,flatten,random_indep,15,32,random_fixed,0.911300003528595,7765.02
1868,14,flatten,random_indep,21,32,random_fixed,0.9142000079154968,8383.23
1869,14,flatten,random_indep,1,32,random_indep,0.8436999917030334,5620.02
1870,14,flatten,random_indep,3,32,random_indep,0.88919997215271,5563.93
1871,14,flatten,random_indep,5,32,random_indep,0.900600016117096,6273.87
1872,14,flatten,random_indep,7,32,random_indep,0.9071999788284302,6475.08
1873,14,flatten,random_indep,9,32,random_indep,0.9089000225067139,6907.99
1874,14,flatten,random_indep,15,32,random_indep,0.9121000170707703,7807.63
1875,14,flatten,random_indep,21,32,random_indep,0.9154000282287598,8651.03
1876,14,pauli,be,1,2,zero,0.36090001463890076,402.8
1877,14,pauli,be,3,2,zero,0.4171000123023987,419.97
1878,14,pauli,be,5,2,zero,0.4034999907016754,393.59
1879,14,pauli,be,7,2,zero,0.428600013256073,459.6
1880,14,pauli,be,9,2,zero,0.41119998693466187,478.43
1881,14,pauli,be,15,2,zero,0.4065999984741211,544.03
1882,14,pauli,be,21,2,zero,0.44040000438690186,592.28
1883,14,pauli,be,1,2,random_fixed,0.323199987411499,395.86
1884,14,pauli,be,3,2,random_fixed,0.32839998602867126,390.84
1885,14,pauli,be,5,2,random_fixed,0.3118000030517578,444.26
1886,14,pauli,be,7,2,random_fixed,0.3391999900341034,465.6
1887,14,pauli,be,9,2,random_fixed,0.36579999327659607,432.57
1888,14,pauli,be,15,2,random_fixed,0.4377000033855438,505.52
1889,14,pauli,be,21,2,random_fixed,0.3495999872684479,574.08
1890,14,pauli,be,1,2,random_indep,0.31619998812675476,404.87
1891,14,pauli,be,3,2,random_indep,0.3467000126838684,316.96
1892,14,pauli,be,5,2,random_indep,0.38679999113082886,441.25
1893,14,pauli,be,7,2,random_indep,0.38359999656677246,323.51
1894,14,pauli,be,9,2,random_indep,0.41449999809265137,418.45
1895,14,pauli,be,15,2,random_indep,0.37959998846054077,456.85
1896,14,pauli,be,21,2,random_indep,0.3716000020503998,592.83
1897,14,pauli,be,1,4,zero,0.4343999922275543,747.87
1898,14,pauli,be,3,4,zero,0.5885000228881836,803.42
1899,14,pauli,be,5,4,zero,0.6539999842643738,823.27
1900,14,pauli,be,7,4,zero,0.678600013256073,858.21
1901,14,pauli,be,9,4,zero,0.6226999759674072,904.65
1902,14,pauli,be,15,4,zero,0.6539000272750854,1030.7
1903,14,pauli,be,21,4,zero,0.659600019454956,1080.25
1904,14,pauli,be,1,4,random_fixed,0.4803999960422516,756.26
1905,14,pauli,be,3,4,random_fixed,0.4812000095844269,770.5
1906,14,pauli,be,5,4,random_fixed,0.5418000221252441,824.18
1907,14,pauli,be,7,4,random_fixed,0.6028000116348267,878.15
1908,14,pauli,be,9,4,random_fixed,0.5821999907493591,885.64
1909,14,pauli,be,15,4,random_fixed,0.6093000173568726,1016.42
1910,14,pauli,be,21,4,random_fixed,0.5978999733924866,1148.1
1911,14,pauli,be,1,4,random_indep,0.44830000400543213,749.8
1912,14,pauli,be,3,4,random_indep,0.5857999920845032,793.83
1913,14,pauli,be,5,4,random_indep,0.5863999724388123,838.53
1914,14,pauli,be,7,4,random_indep,0.5874000191688538,872.88
1915,14,pauli,be,9,4,random_indep,0.5884000062942505,919.92
1916,14,pauli,be,15,4,random_indep,0.5810999870300293,1004.28
1917,14,pauli,be,21,4,random_indep,0.6018000245094299,1160.38
1918,14,pauli,be,1,8,zero,0.6040999889373779,1482.61
1919,14,pauli,be,3,8,zero,0.7572000026702881,1556.98
1920,14,pauli,be,5,8,zero,0.7983999848365784,1648.98
1921,14,pauli,be,7,8,zero,0.7853999733924866,1528.05
1922,14,pauli,be,9,8,zero,0.7856000065803528,1484.81
1923,14,pauli,be,15,8,zero,0.7773000001907349,1961.03
1924,14,pauli,be,21,8,zero,0.7943000197410583,2234.42
1925,14,pauli,be,1,8,random_fixed,0.6269000172615051,1353.96
1926,14,pauli,be,3,8,random_fixed,0.6383000016212463,1427.37
1927,14,pauli,be,5,8,random_fixed,0.6480000019073486,1609.44
1928,14,pauli,be,7,8,random_fixed,0.737500011920929,1262.4
1929,14,pauli,be,9,8,random_fixed,0.7440999746322632,1779.32
1930,14,pauli,be,15,8,random_fixed,0.7441999912261963,1877.29
1931,14,pauli,be,21,8,random_fixed,0.7214999794960022,2237.63
1932,14,pauli,be,1,8,random_indep,0.607200026512146,1489.38
1933,14,pauli,be,3,8,random_indep,0.7486000061035156,1546.6
1934,14,pauli,be,5,8,random_indep,0.7488999962806702,1529.88
1935,14,pauli,be,7,8,random_indep,0.7282000184059143,1672.73
1936,14,pauli,be,9,8,random_indep,0.7675999999046326,1637.82
1937,14,pauli,be,15,8,random_indep,0.76910001039505,1986.21
1938,14,pauli,be,21,8,random_indep,0.784600019454956,2172.55
1939,14,pauli,be,1,16,zero,0.7592999935150146,2852.55
1940,14,pauli,be,3,16,zero,0.8504999876022339,2987.01
1941,14,pauli,be,5,16,zero,0.8615999817848206,2997.85
1942,14,pauli,be,7,16,zero,0.8564000129699707,3281.07
1943,14,pauli,be,9,16,zero,0.8629999756813049,3056.39
1944,14,pauli,be,15,16,zero,0.8644999861717224,3910.05
1945,14,pauli,be,21,16,zero,0.8634999990463257,4351.27
1946,14,pauli,be,1,16,random_fixed,0.7476999759674072,2321.28
1947,14,pauli,be,3,16,random_fixed,0.7635999917984009,2647.75
1948,14,pauli,be,5,16,random_fixed,0.7896000146865845,2613.8
1949,14,pauli,be,7,16,random_fixed,0.8353999853134155,2998.25
1950,14,pauli,be,9,16,random_fixed,0.8219000101089478,3333.47
1951,14,pauli,be,15,16,random_fixed,0.8241999745368958,2945.02
1952,14,pauli,be,21,16,random_fixed,0.823199987411499,4212.35
1953,14,pauli,be,1,16,random_indep,0.8076000213623047,2674.52
1954,14,pauli,be,3,16,random_indep,0.8482999801635742,2814.84
1955,14,pauli,be,5,16,random_indep,0.8632000088691711,2423.06
1956,14,pauli,be,7,16,random_indep,0.855400025844574,3314.42
1957,14,pauli,be,9,16,random_indep,0.8503999710083008,3302.96
1958,14,pauli,be,15,16,random_indep,0.8507000207901001,3808.88
1959,14,pauli,be,21,16,random_indep,0.8622000217437744,4254.12
1960,14,pauli,be,1,32,zero,0.8246999979019165,5696.64
1961,14,pauli,be,3,32,zero,0.8871999979019165,5513.09
1962,14,pauli,be,5,32,zero,0.8978000283241272,6273.28
1963,14,pauli,be,7,32,zero,0.8931999802589417,6637.5
1964,14,pauli,be,9,32,zero,0.8952000141143799,6907.54
1965,14,pauli,be,15,32,zero,0.894599974155426,7765.94
1966,14,pauli,be,21,32,zero,0.8962000012397766,8773.53
1967,14,pauli,be,1,32,random_fixed,0.8064000010490417,5189.71
1968,14,pauli,be,3,32,random_fixed,0.8285999894142151,5773.22
1969,14,pauli,be,5,32,random_fixed,0.843999981880188,6231.28
1970,14,pauli,be,7,32,random_fixed,0.8722000122070312,6583.4
1971,14,pauli,be,9,32,random_fixed,0.8711000084877014,6982.91
1972,14,pauli,be,15,32,random_fixed,0.871399998664856,7858.64
1973,14,pauli,be,21,32,random_fixed,0.8701000213623047,8552.2
1974,14,pauli,be,1,32,random_indep,0.8626999855041504,5519.63
1975,14,pauli,be,3,32,random_indep,0.8889999985694885,5954.56
1976,14,pauli,be,5,32,random_indep,0.8902000188827515,6362.14
1977,14,pauli,be,7,32,random_indep,0.8928999900817871,6038.57
1978,14,pauli,be,9,32,random_indep,0.8942000269889832,6678.46
1979,14,pauli,be,15,32,random_indep,0.8956000208854675,7658.36
1980,14,pauli,be,21,32,random_indep,0.8916000127792358,8611.13
1981,14,pauli,se,1,2,zero,0.4025000035762787,437.94
1982,14,pauli,se,3,2,zero,0.4812000095844269,532.39
1983,14,pauli,se,5,2,zero,0.4814000129699707,577.07
1984,14,pauli,se,7,2,zero,0.4832000136375427,598.46
1985,14,pauli,se,1,2,random_fixed,0.42149999737739563,470.03
1986,14,pauli,se,3,2,random_fixed,0.49000000953674316,531.15
1987,14,pauli,se,5,2,random_fixed,0.4632999897003174,585.56
1988,14,pauli,se,7,2,random_fixed,0.4844000041484833,618.66
1989,14,pauli,se,1,2,random_indep,0.4120999872684479,463.59
1990,14,pauli,se,3,2,random_indep,0.4812999963760376,542.56
1991,14,pauli,se,5,2,random_indep,0.48750001192092896,577.62
1992,14,pauli,se,7,2,random_indep,0.4869000017642975,542.06
1993,14,pauli,se,1,4,zero,0.6198999881744385,908.34
1994,14,pauli,se,3,4,zero,0.724399983882904,1011.88
1995,14,pauli,se,5,4,zero,0.7702999711036682,1122.77
1996,14,pauli,se,7,4,zero,0.7835000157356262,1147.86
1997,14,pauli,se,1,4,random_fixed,0.6439999938011169,927.53
1998,14,pauli,se,3,4,random_fixed,0.7324000000953674,928.71
1999,14,pauli,se,5,4,random_fixed,0.7860999703407288,1086.28
2000,14,pauli,se,7,4,random_fixed,0.7815999984741211,1205.61
2001,14,pauli,se,1,4,random_indep,0.6959999799728394,778.08
2002,14,pauli,se,3,4,random_indep,0.771399974822998,797.54
2003,14,pauli,se,5,4,random_indep,0.7498999834060669,853.05
2004,14,pauli,se,7,4,random_indep,0.7346000075340271,1161.71
2005,14,pauli,se,1,8,zero,0.7318000197410583,1555.46
2006,14,pauli,se,3,8,zero,0.868399977684021,1870.19
2007,14,pauli,se,5,8,zero,0.8697999715805054,1650.2
2008,14,pauli,se,7,8,zero,0.8694999814033508,2223.36
2009,14,pauli,se,1,8,random_fixed,0.8073999881744385,1677.81
2010,14,pauli,se,3,8,random_fixed,0.8532000184059143,1871.38
2011,14,pauli,se,5,8,random_fixed,0.8693000078201294,1991.42
2012,14,pauli,se,7,8,random_fixed,0.8709999918937683,2262.77
2013,14,pauli,se,1,8,random_indep,0.7836999893188477,1677.07
2014,14,pauli,se,3,8,random_indep,0.8618000149726868,1935.35
2015,14,pauli,se,5,8,random_indep,0.8676999807357788,2159.47
2016,14,pauli,se,7,8,random_indep,0.8740000128746033,2298.66
2017,14,pauli,se,1,16,zero,0.84170001745224,3274.48
2018,14,pauli,se,3,16,zero,0.9031000137329102,3817.76
2019,14,pauli,se,5,16,zero,0.9088000059127808,3929.68
2020,14,pauli,se,7,16,zero,0.9078999757766724,4792.37
2021,14,pauli,se,1,16,random_fixed,0.8565999865531921,3571.33
2022,14,pauli,se,3,16,random_fixed,0.9018999934196472,3898.22
2023,14,pauli,se,5,16,random_fixed,0.9052000045776367,4405.21
2024,14,pauli,se,7,16,random_fixed,0.9057999849319458,4796.33
2025,14,pauli,se,1,16,random_indep,0.8604000210762024,3517.48
2026,14,pauli,se,3,16,random_indep,0.901199996471405,3970.8
2027,14,pauli,se,5,16,random_indep,0.9075999855995178,4243.73
2028,14,pauli,se,7,16,random_indep,0.9075999855995178,4781.8
2029,14,pauli,se,1,32,zero,0.8873999714851379,7058.82
2030,14,pauli,se,3,32,zero,0.9135000109672546,7483.75
2031,14,pauli,se,5,32,zero,0.9165999889373779,7901.55
2032,14,pauli,se,7,32,zero,0.9182000160217285,8703.59
2033,14,pauli,se,1,32,random_fixed,0.8978999853134155,6575.17
2034,14,pauli,se,3,32,random_fixed,0.9157000184059143,6882.94
2035,14,pauli,se,5,32,random_fixed,0.9175999760627747,8123.58
2036,14,pauli,se,7,32,random_fixed,0.9172000288963318,8814.16
2037,14,pauli,se,1,32,random_indep,0.8996000289916992,6602.32
2038,14,pauli,se,3,32,random_indep,0.9143000245094299,7195.15
2039,14,pauli,se,5,32,random_indep,0.9168999791145325,8073.36
2040,14,pauli,se,7,32,random_indep,0.917900025844574,8696.66
2041,14,pauli,random,1,2,zero,0.34880000352859497,402.45
2042,14,pauli,random,3,2,zero,0.4311999976634979,395.51
2043,14,pauli,random,5,2,zero,0.45410001277923584,325.39
2044,14,pauli,random,7,2,zero,0.47870001196861267,399.78
2045,14,pauli,random,9,2,zero,0.49939998984336853,438.55
2046,14,pauli,random,15,2,zero,0.46630001068115234,394.01
2047,14,pauli,random,21,2,zero,0.4772999882698059,594.87
2048,14,pauli,random,1,2,random_fixed,0.33709999918937683,403.45
2049,14,pauli,random,3,2,random_fixed,0.47530001401901245,414.57
2050,14,pauli,random,5,2,random_fixed,0.448199987411499,437.29
2051,14,pauli,random,7,2,random_fixed,0.4867999851703644,454.18
2052,14,pauli,random,9,2,random_fixed,0.4377000033855438,478.88
2053,14,pauli,random,15,2,random_fixed,0.4661000072956085,518.57
2054,14,pauli,random,21,2,random_fixed,0.4860999882221222,591.03
2055,14,pauli,random,1,2,random_indep,0.34369999170303345,400.18
2056,14,pauli,random,3,2,random_indep,0.40799999237060547,416.67
2057,14,pauli,random,5,2,random_indep,0.46810001134872437,433.09
2058,14,pauli,random,7,2,random_indep,0.5234000086784363,453.79
2059,14,pauli,random,9,2,random_indep,0.49410000443458557,437.48
2060,14,pauli,random,15,2,random_indep,0.4787999987602234,482.11
2061,14,pauli,random,21,2,random_indep,0.4943999946117401,574.75
2062,14,pauli,random,1,4,zero,0.4456000030040741,729.11
2063,14,pauli,random,3,4,zero,0.6061000227928162,544.81
2064,14,pauli,random,5,4,zero,0.7269999980926514,817.56
2065,14,pauli,random,7,4,zero,0.7279999852180481,540.72
2066,14,pauli,random,9,4,zero,0.7688999772071838,868.53
2067,14,pauli,random,15,4,zero,0.7745000123977661,981.52
2068,14,pauli,random,21,4,zero,0.7785999774932861,1071.86
2069,14,pauli,random,1,4,random_fixed,0.5182999968528748,706.79
2070,14,pauli,random,3,4,random_fixed,0.705299973487854,740.28
2071,14,pauli,random,5,4,random_fixed,0.654699981212616,784.56
2072,14,pauli,random,7,4,random_fixed,0.7699999809265137,849.52
2073,14,pauli,random,9,4,random_fixed,0.7484999895095825,909.89
2074,14,pauli,random,15,4,random_fixed,0.7659000158309937,987.08
2075,14,pauli,random,21,4,random_fixed,0.7840999960899353,1024.26
2076,14,pauli,random,1,4,random_indep,0.48179998993873596,597.12
2077,14,pauli,random,3,4,random_indep,0.656000018119812,751.19
2078,14,pauli,random,5,4,random_indep,0.6845999956130981,836.09
2079,14,pauli,random,7,4,random_indep,0.7494000196456909,854.22
2080,14,pauli,random,9,4,random_indep,0.7631999850273132,916.78
2081,14,pauli,random,15,4,random_indep,0.7378000020980835,1022.04
2082,14,pauli,random,21,4,random_indep,0.7674999833106995,1091.82
2083,14,pauli,random,1,8,zero,0.5157999992370605,1414.39
2084,14,pauli,random,3,8,zero,0.7480999827384949,1534.98
2085,14,pauli,random,5,8,zero,0.8300999999046326,1596.08
2086,14,pauli,random,7,8,zero,0.861299991607666,1698.62
2087,14,pauli,random,9,8,zero,0.855400025844574,1688.67
2088,14,pauli,random,15,8,zero,0.8701000213623047,1862.48
2089,14,pauli,random,21,8,zero,0.8730000257492065,1570.84
2090,14,pauli,random,1,8,random_fixed,0.6714000105857849,1322.22
2091,14,pauli,random,3,8,random_fixed,0.7789000272750854,1219.24
2092,14,pauli,random,5,8,random_fixed,0.829800009727478,1558.46
2093,14,pauli,random,7,8,random_fixed,0.8597000241279602,1642.94
2094,14,pauli,random,9,8,random_fixed,0.8658999800682068,1514.82
2095,14,pauli,random,15,8,random_fixed,0.8644000291824341,1956.96
2096,14,pauli,random,21,8,random_fixed,0.8715999722480774,1872.61
2097,14,pauli,random,1,8,random_indep,0.692799985408783,1393.48
2098,14,pauli,random,3,8,random_indep,0.8116000294685364,1488.52
2099,14,pauli,random,5,8,random_indep,0.8348000049591064,1322.79
2100,14,pauli,random,7,8,random_indep,0.8604999780654907,1646.57
2101,14,pauli,random,9,8,random_indep,0.853600025177002,1514.08
2102,14,pauli,random,15,8,random_indep,0.8669000267982483,1913.3
2103,14,pauli,random,21,8,random_indep,0.8590999841690063,2057.86
2104,14,pauli,random,1,16,zero,0.6051999926567078,2433.05
2105,14,pauli,random,3,16,zero,0.8496999740600586,2829.18
2106,14,pauli,random,5,16,zero,0.8847000002861023,2962.92
2107,14,pauli,random,7,16,zero,0.8949000239372253,3205.17
2108,14,pauli,random,9,16,zero,0.9002000093460083,3418.62
2109,14,pauli,random,15,16,zero,0.9053000211715698,3664.22
2110,14,pauli,random,21,16,zero,0.9083999991416931,4279.29
2111,14,pauli,random,1,16,random_fixed,0.7723000049591064,2464.4
2112,14,pauli,random,3,16,random_fixed,0.8693000078201294,2908.61
2113,14,pauli,random,5,16,random_fixed,0.8831999897956848,3180.72
2114,14,pauli,random,7,16,random_fixed,0.9000999927520752,3145.26
2115,14,pauli,random,9,16,random_fixed,0.8963000178337097,2891.55
2116,14,pauli,random,15,16,random_fixed,0.9056000113487244,3857.39
2117,14,pauli,random,21,16,random_fixed,0.904699981212616,2866.05
2118,14,pauli,random,1,16,random_indep,0.79830002784729,2571.79
2119,14,pauli,random,3,16,random_indep,0.8508999943733215,2728.11
2120,14,pauli,random,5,16,random_indep,0.8842999935150146,3067.4
2121,14,pauli,random,7,16,random_indep,0.9021999835968018,3227.01
2122,14,pauli,random,9,16,random_indep,0.8981999754905701,2092.27
2123,14,pauli,random,15,16,random_indep,0.9059000015258789,3162.67
2124,14,pauli,random,21,16,random_indep,0.9034000039100647,2927.24
2125,14,pauli,random,1,32,zero,0.6279000043869019,3778.42
2126,14,pauli,random,3,32,zero,0.8867999911308289,4285.75
2127,14,pauli,random,5,32,zero,0.9056000113487244,4903.28
2128,14,pauli,random,7,32,zero,0.9104999899864197,4653.67
2129,14,pauli,random,9,32,zero,0.9143999814987183,4848.15
2130,14,pauli,random,15,32,zero,0.9156000018119812,7394.47
2131,14,pauli,random,21,32,zero,0.9165999889373779,8092.36
2132,14,pauli,random,1,32,random_fixed,0.8319000005722046,5091.03
2133,14,pauli,random,3,32,random_fixed,0.8956999778747559,5825.37
2134,14,pauli,random,5,32,random_fixed,0.9068999886512756,5233.83
2135,14,pauli,random,7,32,random_fixed,0.9139000177383423,6490.13
2136,14,pauli,random,9,32,random_fixed,0.9147999882698059,6942.44
2137,14,pauli,random,15,32,random_fixed,0.9158999919891357,6879.67
2138,14,pauli,random,21,32,random_fixed,0.9160000085830688,8216.02
2139,14,pauli,random,1,32,random_indep,0.8650000095367432,5660.31
2140,14,pauli,random,3,32,random_indep,0.8960000276565552,5890.88
2141,14,pauli,random,5,32,random_indep,0.9072999954223633,6229.78
2142,14,pauli,random,7,32,random_indep,0.9125000238418579,5846.98
2143,14,pauli,random,9,32,random_indep,0.9136000275611877,6622.83
2144,14,pauli,random,15,32,random_indep,0.9168999791145325,6992.3
2145,14,pauli,random,21,32,random_indep,0.9172000288963318,8554.51
2146,14,pauli,random_indep,1,2,zero,0.3345000147819519,390.33
2147,14,pauli,random_indep,3,2,zero,0.42730000615119934,266.74
2148,14,pauli,random_indep,5,2,zero,0.4657999873161316,411.92
2149,14,pauli,random_indep,7,2,zero,0.44769999384880066,440.91
2150,14,pauli,random_indep,9,2,zero,0.4607999920845032,460.12
2151,14,pauli,random_indep,15,2,zero,0.47380000352859497,329.41
2152,14,pauli,random_indep,21,2,zero,0.48890000581741333,581.38
2153,14,pauli,random_indep,1,2,random_fixed,0.3375000059604645,400.02
2154,14,pauli,random_indep,3,2,random_fixed,0.42010000348091125,327.8
2155,14,pauli,random_indep,5,2,random_fixed,0.43459999561309814,403.28
2156,14,pauli,random_indep,7,2,random_fixed,0.4973999857902527,290.16
2157,14,pauli,random_indep,9,2,random_fixed,0.4941999912261963,346.28
2158,14,pauli,random_indep,15,2,random_fixed,0.4758000075817108,523.47
2159,14,pauli,random_indep,21,2,random_fixed,0.4828999936580658,580.45
2160,14,pauli,random_indep,1,2,random_indep,0.25859999656677246,400.21
2161,14,pauli,random_indep,3,2,random_indep,0.4374000132083893,350.69
2162,14,pauli,random_indep,5,2,random_indep,0.4447999894618988,278.23
2163,14,pauli,random_indep,7,2,random_indep,0.4668999910354614,463.12
2164,14,pauli,random_indep,9,2,random_indep,0.49059998989105225,376.71
2165,14,pauli,random_indep,15,2,random_indep,0.5271000266075134,526.19
2166,14,pauli,random_indep,21,2,random_indep,0.48730000853538513,581.9
2167,14,pauli,random_indep,1,4,zero,0.3781999945640564,753.03
2168,14,pauli,random_indep,3,4,zero,0.5519999861717224,790.26
2169,14,pauli,random_indep,5,4,zero,0.6794999837875366,625.34
2170,14,pauli,random_indep,7,4,zero,0.6899999976158142,844.46
2171,14,pauli,random_indep,9,4,zero,0.7226999998092651,802.96
2172,14,pauli,random_indep,15,4,zero,0.7760000228881836,984.81
2173,14,pauli,random_indep,21,4,zero,0.779699981212616,997.64
2174,14,pauli,random_indep,1,4,random_fixed,0.48410001397132874,731.0
2175,14,pauli,random_indep,3,4,random_fixed,0.6539999842643738,497.64
2176,14,pauli,random_indep,5,4,random_fixed,0.7125999927520752,667.54
2177,14,pauli,random_indep,7,4,random_fixed,0.7355999946594238,652.28
2178,14,pauli,random_indep,9,4,random_fixed,0.7455000281333923,854.9
2179,14,pauli,random_indep,15,4,random_fixed,0.7815999984741211,1000.46
2180,14,pauli,random_indep,21,4,random_fixed,0.7706999778747559,1094.23
2181,14,pauli,random_indep,1,4,random_indep,0.47450000047683716,747.17
2182,14,pauli,random_indep,3,4,random_indep,0.6309999823570251,491.09
2183,14,pauli,random_indep,5,4,random_indep,0.6953999996185303,505.12
2184,14,pauli,random_indep,7,4,random_indep,0.7271999716758728,703.13
2185,14,pauli,random_indep,9,4,random_indep,0.7146999835968018,564.46
2186,14,pauli,random_indep,15,4,random_indep,0.7777000069618225,621.37
2187,14,pauli,random_indep,21,4,random_indep,0.7756999731063843,707.06
2188,14,pauli,random_indep,1,8,zero,0.6136000156402588,896.08
2189,14,pauli,random_indep,3,8,zero,0.7820000052452087,940.67
2190,14,pauli,random_indep,5,8,zero,0.796500027179718,1458.98
2191,14,pauli,random_indep,7,8,zero,0.8324000239372253,1278.6
2192,14,pauli,random_indep,9,8,zero,0.8596000075340271,1315.29
2193,14,pauli,random_indep,15,8,zero,0.8700000047683716,1952.56
2194,14,pauli,random_indep,21,8,zero,0.8587999939918518,1964.84
2195,14,pauli,random_indep,1,8,random_fixed,0.6500999927520752,1461.01
2196,14,pauli,random_indep,3,8,random_fixed,0.802299976348877,1288.45
2197,14,pauli,random_indep,5,8,random_fixed,0.8129000067710876,1571.57
2198,14,pauli,random_indep,7,8,random_fixed,0.839900016784668,1541.81
2199,14,pauli,random_indep,9,8,random_fixed,0.864300012588501,1709.46
2200,14,pauli,random_indep,15,8,random_fixed,0.8741000294685364,1485.91
2201,14,pauli,random_indep,21,8,random_fixed,0.864799976348877,2194.78
2202,14,pauli,random_indep,1,8,random_indep,0.669700026512146,1296.55
2203,14,pauli,random_indep,3,8,random_indep,0.7961000204086304,1399.79
2204,14,pauli,random_indep,5,8,random_indep,0.8274999856948853,1099.42
2205,14,pauli,random_indep,7,8,random_indep,0.835099995136261,1620.02
2206,14,pauli,random_indep,9,8,random_indep,0.8603000044822693,1705.55
2207,14,pauli,random_indep,15,8,random_indep,0.8618000149726868,1907.91
2208,14,pauli,random_indep,21,8,random_indep,0.8689000010490417,1798.88
2209,14,pauli,random_indep,1,16,zero,0.7235000133514404,2800.35
2210,14,pauli,random_indep,3,16,zero,0.8355000019073486,2945.64
2211,14,pauli,random_indep,5,16,zero,0.8762000203132629,2839.1
2212,14,pauli,random_indep,7,16,zero,0.8848999738693237,3011.91
2213,14,pauli,random_indep,9,16,zero,0.8962000012397766,2363.28
2214,14,pauli,random_indep,15,16,zero,0.9057000279426575,3688.6
2215,14,pauli,random_indep,21,16,zero,0.9057999849319458,4194.17
2216,14,pauli,random_indep,1,16,random_fixed,0.7768999934196472,2757.7
2217,14,pauli,random_indep,3,16,random_fixed,0.864300012588501,2909.99
2218,14,pauli,random_indep,5,16,random_fixed,0.8847000002861023,3006.67
2219,14,pauli,random_indep,7,16,random_fixed,0.8901000022888184,2655.25
2220,14,pauli,random_indep,9,16,random_fixed,0.8938999772071838,3169.33
2221,14,pauli,random_indep,15,16,random_fixed,0.9025999903678894,3929.38
2222,14,pauli,random_indep,21,16,random_fixed,0.906499981880188,3698.6
2223,14,pauli,random_indep,1,16,random_indep,0.7882999777793884,2331.59
2224,14,pauli,random_indep,3,16,random_indep,0.8633000254631042,2901.62
2225,14,pauli,random_indep,5,16,random_indep,0.8823000192642212,3139.28
2226,14,pauli,random_indep,7,16,random_indep,0.888700008392334,3026.07
2227,14,pauli,random_indep,9,16,random_indep,0.8982999920845032,2713.63
2228,14,pauli,random_indep,15,16,random_indep,0.9049999713897705,3772.28
2229,14,pauli,random_indep,21,16,random_indep,0.9060999751091003,4301.04
2230,14,pauli,random_indep,1,32,zero,0.7936999797821045,4398.52
2231,14,pauli,random_indep,3,32,zero,0.8928999900817871,5077.5
2232,14,pauli,random_indep,5,32,zero,0.9056000113487244,5317.29
2233,14,pauli,random_indep,7,32,zero,0.9114999771118164,3922.42
2234,14,pauli,random_indep,9,32,zero,0.9128999710083008,4114.76
2235,14,pauli,random_indep,15,32,zero,0.9168999791145325,4643.82
2236,14,pauli,random_indep,21,32,zero,0.91839998960495,5029.62
2237,14,pauli,random_indep,1,32,random_fixed,0.8597000241279602,3459.87
2238,14,pauli,random_indep,3,32,random_fixed,0.9002000093460083,3593.1
2239,14,pauli,random_indep,5,32,random_fixed,0.9036999940872192,3604.54
2240,14,pauli,random_indep,7,32,random_fixed,0.9075000286102295,3718.06
2241,14,pauli,random_indep,9,32,random_fixed,0.9135000109672546,4344.58
2242,14,pauli,random_indep,15,32,random_fixed,0.9164000153541565,4987.19
2243,14,pauli,random_indep,21,32,random_fixed,0.9165999889373779,6554.75
2244,14,pauli,random_indep,1,32,random_indep,0.8547000288963318,4281.56
2245,14,pauli,random_indep,3,32,random_indep,0.8899000287055969,3839.5
2246,14,pauli,random_indep,5,32,random_indep,0.9067999720573425,6042.99
2247,14,pauli,random_indep,7,32,random_indep,0.9088000059127808,6436.32
2248,14,pauli,random_indep,9,32,random_indep,0.9124000072479248,6668.81
2249,14,pauli,random_indep,15,32,random_indep,0.9161999821662903,4608.53
2250,14,pauli,random_indep,21,32,random_indep,0.9194999933242798,6123.75
